{"textures":{"1":"modelengine:entity/spin_gale"},"elements":[{"from":[-6.285715,8.0,-6.285715],"to":[22.285715,8.0,22.285715],"rotation":{"angle":0.0,"axis":"y","origin":[8.0,8.0,8.0]},"faces":{"east":{"uv":[0.0,0.0,16.0,0.0],"rotation":0,"texture":"#1","tintindex":0},"south":{"uv":[0.0,0.0,16.0,0.0],"rotation":0,"texture":"#1","tintindex":0},"north":{"uv":[0.0,0.0,16.0,0.0],"rotation":0,"texture":"#1","tintindex":0},"west":{"uv":[0.0,0.0,16.0,0.0],"rotation":0,"texture":"#1","tintindex":0},"up":{"uv":[0.0,0.0,128.0,128.0],"rotation":0,"texture":"#1","tintindex":0},"down":{"uv":[0.0,128.0,128.0,0.0],"rotation":0,"texture":"#1","tintindex":0}}}],"display":{"head":{"translation":[0.0,-6.4,0.0],"scale":[4.0,4.0,4.0]}}}