{"textures":{"0":"modelengine:entity/hook"},"elements":[{"from":[5.142857,8.857143,-10.285715],"to":[10.857143,8.857143,-4.285715],"rotation":{"angle":45.0,"axis":"y","origin":[8.0,8.571428,8.571428]},"faces":{"east":{"uv":[6.25,0.0,0.0,0.0],"rotation":0,"texture":"#0","tintindex":0},"south":{"uv":[4.0,0.0,0.0,0.0],"rotation":0,"texture":"#0","tintindex":0},"north":{"uv":[4.0,0.0,0.0,0.0],"rotation":0,"texture":"#0","tintindex":0},"west":{"uv":[6.25,0.0,0.0,0.0],"rotation":0,"texture":"#0","tintindex":0},"up":{"uv":[8.0,6.375,12.0,12.5],"rotation":0,"texture":"#0","tintindex":0},"down":{"uv":[8.0,12.5,12.0,6.375],"rotation":0,"texture":"#0","tintindex":0}}}],"display":{"head":{"translation":[0.0,-6.4,0.0],"scale":[4.0,4.0,4.0]}}}