{"textures":{"0":"modelengine:entity/hook"},"elements":[{"from":[2.2857141,8.571428,7.428571],"to":[13.714286,8.571428,8.571428],"rotation":{"angle":0.0,"axis":"y","origin":[8.0,8.0,8.0]},"faces":{"east":{"uv":[0.0,0.0,9.0,0.0],"rotation":0,"texture":"#0","tintindex":0},"south":{"uv":[0.0,0.0,4.0,0.0],"rotation":0,"texture":"#0","tintindex":0},"north":{"uv":[0.0,0.0,4.0,0.0],"rotation":0,"texture":"#0","tintindex":0},"west":{"uv":[0.0,0.0,9.0,0.0],"rotation":0,"texture":"#0","tintindex":0},"up":{"uv":[4.0,5.0,0.0,0.0],"rotation":0,"texture":"#0","tintindex":0},"down":{"uv":[8.0,0.0,4.0,9.0],"rotation":0,"texture":"#0","tintindex":0}}}],"display":{"head":{"translation":[0.0,-6.4,0.0],"scale":[4.0,4.0,4.0]}}}