{"textures":{"0":"modelengine:entity/hook"},"elements":[{"from":[5.714286,8.392858,10.857143],"to":[10.285714,8.392858,17.714287],"rotation":{"angle":22.5,"axis":"x","origin":[8.0,8.392858,14.285715]},"faces":{"east":{"uv":[6.25,0.0,0.0,0.0],"rotation":0,"texture":"#0","tintindex":0},"south":{"uv":[4.0,0.0,0.0,0.0],"rotation":0,"texture":"#0","tintindex":0},"north":{"uv":[4.0,0.0,0.0,0.0],"rotation":0,"texture":"#0","tintindex":0},"west":{"uv":[6.25,0.0,0.0,0.0],"rotation":0,"texture":"#0","tintindex":0},"up":{"uv":[12.0,0.0,8.0,6.125],"rotation":0,"texture":"#0","tintindex":0},"down":{"uv":[8.0,6.125,12.0,0.0],"rotation":0,"texture":"#0","tintindex":0}}},{"from":[5.142857,8.857143,13.142858],"to":[10.857143,8.857143,25.428572],"rotation":{"angle":0.0,"axis":"y","origin":[8.0,8.571428,8.0]},"faces":{"east":{"uv":[6.25,0.0,0.0,0.0],"rotation":0,"texture":"#0","tintindex":0},"south":{"uv":[4.0,0.0,0.0,0.0],"rotation":0,"texture":"#0","tintindex":0},"north":{"uv":[4.0,0.0,0.0,0.0],"rotation":0,"texture":"#0","tintindex":0},"west":{"uv":[6.25,0.0,0.0,0.0],"rotation":0,"texture":"#0","tintindex":0},"up":{"uv":[12.0,1.875,8.0,12.5],"rotation":0,"texture":"#0","tintindex":0},"down":{"uv":[8.0,12.5,12.0,6.375],"rotation":0,"texture":"#0","tintindex":0}}},{"from":[5.714286,9.321428,10.857143],"to":[10.285714,9.321428,17.714287],"rotation":{"angle":-22.5,"axis":"x","origin":[8.0,9.321428,14.285715]},"faces":{"east":{"uv":[6.25,0.0,0.0,0.0],"rotation":0,"texture":"#0","tintindex":0},"south":{"uv":[4.0,0.0,0.0,0.0],"rotation":0,"texture":"#0","tintindex":0},"north":{"uv":[4.0,0.0,0.0,0.0],"rotation":0,"texture":"#0","tintindex":0},"west":{"uv":[6.25,0.0,0.0,0.0],"rotation":0,"texture":"#0","tintindex":0},"up":{"uv":[8.0,0.0,12.0,6.125],"rotation":0,"texture":"#0","tintindex":0},"down":{"uv":[12.0,6.125,8.0,0.0],"rotation":0,"texture":"#0","tintindex":0}}}],"display":{"head":{"translation":[0.0,-6.4,0.0],"scale":[4.0,4.0,4.0]}}}