{"textures":{"0":"modelengine:entity/hook"},"elements":[{"from":[2.2857141,8.571428,8.0],"to":[13.714286,8.571428,9.142858],"rotation":{"angle":0.0,"axis":"y","origin":[8.0,8.0,-1.1428576]},"faces":{"east":{"uv":[9.0,0.0,0.0,0.0],"rotation":0,"texture":"#0","tintindex":0},"south":{"uv":[4.0,0.0,0.0,0.0],"rotation":0,"texture":"#0","tintindex":0},"north":{"uv":[4.0,0.0,0.0,0.0],"rotation":0,"texture":"#0","tintindex":0},"west":{"uv":[9.0,0.0,0.0,0.0],"rotation":0,"texture":"#0","tintindex":0},"up":{"uv":[4.0,0.0,0.0,9.0],"rotation":0,"texture":"#0","tintindex":0},"down":{"uv":[8.0,9.0,4.0,0.0],"rotation":0,"texture":"#0","tintindex":0}}}],"display":{"head":{"translation":[0.0,-6.4,0.0],"scale":[4.0,4.0,4.0]}}}