{"textures":{"0":"modelengine:entity/amarah","1":"wrath:wrath_texture/api","3":"wrath:wrath_texture/aninanu","5":"wrath:wrath_texture/glow"},"elements":[{"from":[8.242343,-2.1364355,8.838928],"to":[8.456629,-1.2078648,10.110357],"rotation":{"angle":45.0,"axis":"z","origin":[8.0,3.809,9.510357]},"faces":{"east":{"uv":[12.1875,8.25,11.75,8.5625],"rotation":180,"texture":"#0","tintindex":0},"south":{"uv":[13.3125,14.5,13.0,14.5625],"rotation":90,"texture":"#0","tintindex":0},"north":{"uv":[13.8125,14.5,13.5,14.5625],"rotation":270,"texture":"#0","tintindex":0},"west":{"uv":[12.1875,9.0625,11.75,8.75],"rotation":0,"texture":"#0","tintindex":0},"up":{"uv":[14.9375,11.25,14.5,11.3125],"rotation":90,"texture":"#0","tintindex":0},"down":{"uv":[11.9375,14.5,11.5,14.5625],"rotation":90,"texture":"#0","tintindex":0}}},{"from":[10.514693,-2.1161003,8.821072],"to":[11.086122,0.3838997,10.128214],"rotation":{"angle":22.5,"axis":"z","origin":[8.0,3.809,9.510357]},"faces":{"east":{"uv":[2.0,8.0,2.46876,8.875],"rotation":0,"texture":"#0","tintindex":0},"south":{"uv":[5.5,8.25,5.6875,9.125],"rotation":0,"texture":"#0","tintindex":0},"north":{"uv":[5.6875,8.25,5.5,9.125],"rotation":0,"texture":"#0","tintindex":0},"west":{"uv":[8.75,6.0,9.21876,6.875],"rotation":0,"texture":"#0","tintindex":0},"up":{"uv":[13.46876,12.4375,13.0,12.25],"rotation":90,"texture":"#0","tintindex":0},"down":{"uv":[13.71876,9.0,13.25,9.1875],"rotation":270,"texture":"#0","tintindex":0}}},{"from":[9.586122,-1.1875286,8.803214],"to":[10.514693,0.3838997,10.146071],"rotation":{"angle":22.5,"axis":"z","origin":[8.0,3.809,9.510357]},"faces":{"east":{"uv":[7.25,9.75,7.71876,10.3125],"rotation":0,"texture":"#0","tintindex":0},"south":{"uv":[10.0,11.0,10.3125,11.5625],"rotation":0,"texture":"#0","tintindex":0},"north":{"uv":[10.3125,11.0,10.0,11.5625],"rotation":0,"texture":"#0","tintindex":0},"west":{"uv":[7.75,9.75,8.21876,10.3125],"rotation":0,"texture":"#0","tintindex":0},"up":{"uv":[11.96876,6.0625,11.5,5.75],"rotation":90,"texture":"#0","tintindex":0},"down":{"uv":[0.46876,11.75,0.0,12.0625],"rotation":270,"texture":"#0","tintindex":0}}},{"from":[10.4489,-0.20021439,8.785357],"to":[11.377472,1.514071,10.163929],"rotation":{"angle":0.0,"axis":"y","origin":[8.0,3.809,9.510357]},"faces":{"east":{"uv":[0.75,9.75,1.21876,10.34376],"rotation":0,"texture":"#0","tintindex":0},"south":{"uv":[10.75,7.75,11.0625,8.34376],"rotation":0,"texture":"#0","tintindex":0},"north":{"uv":[11.0625,7.75,10.75,8.34376],"rotation":0,"texture":"#0","tintindex":0},"west":{"uv":[9.75,4.5,10.21876,5.09376],"rotation":0,"texture":"#0","tintindex":0},"up":{"uv":[12.21876,0.3125,11.75,0.0],"rotation":90,"texture":"#0","tintindex":0},"down":{"uv":[12.21876,0.5,11.75,0.8125],"rotation":270,"texture":"#0","tintindex":0}}},{"from":[10.868172,1.0421281,8.7675],"to":[11.796743,2.899271,10.181786],"rotation":{"angle":-22.5,"axis":"z","origin":[8.0,3.809,9.510357]},"faces":{"east":{"uv":[9.25,6.25,9.75,6.90626],"rotation":0,"texture":"#0","tintindex":0},"south":{"uv":[10.75,2.25,11.0625,2.90626],"rotation":0,"texture":"#0","tintindex":0},"north":{"uv":[11.0625,2.25,10.75,2.90626],"rotation":0,"texture":"#0","tintindex":0},"west":{"uv":[9.25,7.0,9.75,7.65626],"rotation":0,"texture":"#0","tintindex":0},"up":{"uv":[11.75,8.0625,11.25,7.75],"rotation":90,"texture":"#0","tintindex":0},"down":{"uv":[11.75,8.75,11.25,9.0625],"rotation":270,"texture":"#0","tintindex":0}}},{"from":[6.54135,0.10032129,8.749643],"to":[8.469921,1.0288925,10.199643],"rotation":{"angle":45.0,"axis":"z","origin":[8.0,3.809,9.510357]},"faces":{"east":{"uv":[11.75,10.5625,11.25,10.25],"rotation":180,"texture":"#0","tintindex":0},"south":{"uv":[10.25,7.0,10.5625,7.6875],"rotation":90,"texture":"#0","tintindex":0},"north":{"uv":[10.25,7.6875,10.5625,7.0],"rotation":90,"texture":"#0","tintindex":0},"west":{"uv":[1.75,11.5,1.25,11.8125],"rotation":0,"texture":"#0","tintindex":0},"up":{"uv":[8.25,9.0,8.75,9.6875],"rotation":90,"texture":"#0","tintindex":0},"down":{"uv":[7.75,9.0,8.25,9.6875],"rotation":90,"texture":"#0","tintindex":0}}},{"from":[9.748314,1.2506709,8.731786],"to":[10.748314,3.1792426,10.217501],"rotation":{"angle":-22.5,"axis":"z","origin":[8.0,3.809,9.510357]},"faces":{"east":{"uv":[8.75,8.0,9.28126,8.6875],"rotation":0,"texture":"#0","tintindex":0},"south":{"uv":[10.0,1.75,10.34376,2.4375],"rotation":0,"texture":"#0","tintindex":0},"north":{"uv":[10.34376,1.75,10.0,2.4375],"rotation":0,"texture":"#0","tintindex":0},"west":{"uv":[8.75,8.75,9.28126,9.4375],"rotation":0,"texture":"#0","tintindex":0},"up":{"uv":[11.53126,0.34376,11.0,0.0],"rotation":90,"texture":"#0","tintindex":0},"down":{"uv":[11.53126,0.75,11.0,1.09376],"rotation":270,"texture":"#0","tintindex":0}}},{"from":[8.581043,-5.0599003,9.474643],"to":[12.009615,0.29724264,9.474643],"rotation":{"angle":22.5,"axis":"z","origin":[8.0,3.809,9.510357]},"faces":{"east":{"uv":[0.0,0.0,0.0,1.875],"rotation":0,"texture":"#0","tintindex":0},"south":{"uv":[0.0,6.0,1.1875,7.875],"rotation":0,"texture":"#0","tintindex":0},"north":{"uv":[1.1875,6.0,0.0,7.875],"rotation":0,"texture":"#0","tintindex":0},"west":{"uv":[0.0,0.0,0.0,1.875],"rotation":0,"texture":"#0","tintindex":0},"up":{"uv":[0.0,1.1875,0.0,0.0],"rotation":90,"texture":"#0","tintindex":0},"down":{"uv":[0.0,0.0,0.0,1.1875],"rotation":270,"texture":"#0","tintindex":0}}},{"from":[3.9903855,-5.0599003,9.474643],"to":[7.418957,0.29724264,9.474643],"rotation":{"angle":-22.5,"axis":"z","origin":[8.0,3.809,9.510357]},"faces":{"east":{"uv":[0.0,0.0,0.0,1.875],"rotation":0,"texture":"#0","tintindex":0},"south":{"uv":[1.1875,6.0,0.0,7.875],"rotation":0,"texture":"#0","tintindex":0},"north":{"uv":[0.0,6.0,1.1875,7.875],"rotation":0,"texture":"#0","tintindex":0},"west":{"uv":[0.0,0.0,0.0,1.875],"rotation":0,"texture":"#0","tintindex":0},"up":{"uv":[0.0,0.0,0.0,1.1875],"rotation":90,"texture":"#0","tintindex":0},"down":{"uv":[0.0,1.1875,0.0,0.0],"rotation":270,"texture":"#0","tintindex":0}}},{"from":[7.4012427,1.346807,8.7675],"to":[9.329814,2.346807,10.181786],"rotation":{"angle":22.5,"axis":"z","origin":[8.0,3.809,9.510357]},"faces":{"east":{"uv":[11.75,2.25,11.25,2.59376],"rotation":180,"texture":"#0","tintindex":0},"south":{"uv":[5.34376,10.0,5.0,10.6875],"rotation":90,"texture":"#0","tintindex":0},"north":{"uv":[5.84376,10.0,5.5,10.6875],"rotation":270,"texture":"#0","tintindex":0},"west":{"uv":[11.75,3.09376,11.25,2.75],"rotation":0,"texture":"#0","tintindex":0},"up":{"uv":[9.75,4.5,9.25,5.1875],"rotation":90,"texture":"#0","tintindex":0},"down":{"uv":[5.5,9.25,5.0,9.9375],"rotation":90,"texture":"#0","tintindex":0}}},{"from":[6.522,1.0008922,8.749643],"to":[8.450571,2.0008922,10.199643],"rotation":{"angle":45.0,"axis":"z","origin":[8.0,3.809,9.510357]},"faces":{"east":{"uv":[11.75,1.75,11.25,2.09376],"rotation":180,"texture":"#0","tintindex":0},"south":{"uv":[4.34376,10.0,4.0,10.6875],"rotation":90,"texture":"#0","tintindex":0},"north":{"uv":[4.84376,10.0,4.5,10.6875],"rotation":270,"texture":"#0","tintindex":0},"west":{"uv":[2.75,11.59376,2.25,11.25],"rotation":0,"texture":"#0","tintindex":0},"up":{"uv":[4.5,9.25,4.0,9.9375],"rotation":90,"texture":"#0","tintindex":0},"down":{"uv":[5.0,9.25,4.5,9.9375],"rotation":90,"texture":"#0","tintindex":0}}},{"from":[4.9138784,-2.1161003,8.821072],"to":[5.4853067,0.3838997,10.128214],"rotation":{"angle":-22.5,"axis":"z","origin":[8.0,3.809,9.510357]},"faces":{"east":{"uv":[9.21876,6.0,8.75,6.875],"rotation":0,"texture":"#0","tintindex":0},"south":{"uv":[5.6875,8.25,5.5,9.125],"rotation":0,"texture":"#0","tintindex":0},"north":{"uv":[5.5,8.25,5.6875,9.125],"rotation":0,"texture":"#0","tintindex":0},"west":{"uv":[2.46876,8.0,2.0,8.875],"rotation":0,"texture":"#0","tintindex":0},"up":{"uv":[13.46876,12.25,13.0,12.4375],"rotation":90,"texture":"#0","tintindex":0},"down":{"uv":[13.71876,9.1875,13.25,9.0],"rotation":270,"texture":"#0","tintindex":0}}},{"from":[4.203257,1.0421281,8.7675],"to":[5.1318283,2.899271,10.181786],"rotation":{"angle":22.5,"axis":"z","origin":[8.0,3.809,9.510357]},"faces":{"east":{"uv":[9.75,7.0,9.25,7.65626],"rotation":0,"texture":"#0","tintindex":0},"south":{"uv":[11.0625,2.25,10.75,2.90626],"rotation":0,"texture":"#0","tintindex":0},"north":{"uv":[10.75,2.25,11.0625,2.90626],"rotation":0,"texture":"#0","tintindex":0},"west":{"uv":[9.75,6.25,9.25,6.90626],"rotation":0,"texture":"#0","tintindex":0},"up":{"uv":[11.75,7.75,11.25,8.0625],"rotation":90,"texture":"#0","tintindex":0},"down":{"uv":[11.75,9.0625,11.25,8.75],"rotation":270,"texture":"#0","tintindex":0}}},{"from":[5.2516856,1.2506709,8.731786],"to":[6.2516856,3.1792426,10.217501],"rotation":{"angle":22.5,"axis":"z","origin":[8.0,3.809,9.510357]},"faces":{"east":{"uv":[9.28126,8.75,8.75,9.4375],"rotation":0,"texture":"#0","tintindex":0},"south":{"uv":[10.34376,1.75,10.0,2.4375],"rotation":0,"texture":"#0","tintindex":0},"north":{"uv":[10.0,1.75,10.34376,2.4375],"rotation":0,"texture":"#0","tintindex":0},"west":{"uv":[9.28126,8.0,8.75,8.6875],"rotation":0,"texture":"#0","tintindex":0},"up":{"uv":[11.53126,0.0,11.0,0.34376],"rotation":90,"texture":"#0","tintindex":0},"down":{"uv":[11.53126,1.09376,11.0,0.75],"rotation":270,"texture":"#0","tintindex":0}}},{"from":[7.5300784,0.10032129,8.749643],"to":[9.458651,1.0288925,10.199643],"rotation":{"angle":-45.0,"axis":"z","origin":[8.0,3.809,9.510357]},"faces":{"east":{"uv":[1.25,11.5,1.75,11.8125],"rotation":0,"texture":"#0","tintindex":0},"south":{"uv":[10.25,7.6875,10.5625,7.0],"rotation":90,"texture":"#0","tintindex":0},"north":{"uv":[10.25,7.0,10.5625,7.6875],"rotation":90,"texture":"#0","tintindex":0},"west":{"uv":[11.25,10.5625,11.75,10.25],"rotation":180,"texture":"#0","tintindex":0},"up":{"uv":[8.25,9.6875,8.75,9.0],"rotation":90,"texture":"#0","tintindex":0},"down":{"uv":[7.75,9.6875,8.25,9.0],"rotation":90,"texture":"#0","tintindex":0}}},{"from":[5.4853067,-1.1875286,8.803214],"to":[6.4138784,0.3838997,10.146071],"rotation":{"angle":-22.5,"axis":"z","origin":[8.0,3.809,9.510357]},"faces":{"east":{"uv":[8.21876,9.75,7.75,10.3125],"rotation":0,"texture":"#0","tintindex":0},"south":{"uv":[10.3125,11.0,10.0,11.5625],"rotation":0,"texture":"#0","tintindex":0},"north":{"uv":[10.0,11.0,10.3125,11.5625],"rotation":0,"texture":"#0","tintindex":0},"west":{"uv":[7.71876,9.75,7.25,10.3125],"rotation":0,"texture":"#0","tintindex":0},"up":{"uv":[11.96876,5.75,11.5,6.0625],"rotation":90,"texture":"#0","tintindex":0},"down":{"uv":[0.46876,12.0625,0.0,11.75],"rotation":270,"texture":"#0","tintindex":0}}},{"from":[4.6225286,-0.20021439,8.785357],"to":[5.5511,1.514071,10.163929],"rotation":{"angle":0.0,"axis":"y","origin":[8.0,3.809,9.510357]},"faces":{"east":{"uv":[10.21876,4.5,9.75,5.09376],"rotation":0,"texture":"#0","tintindex":0},"south":{"uv":[11.0625,7.75,10.75,8.34376],"rotation":0,"texture":"#0","tintindex":0},"north":{"uv":[10.75,7.75,11.0625,8.34376],"rotation":0,"texture":"#0","tintindex":0},"west":{"uv":[1.21876,9.75,0.75,10.34376],"rotation":0,"texture":"#0","tintindex":0},"up":{"uv":[12.21876,0.0,11.75,0.3125],"rotation":90,"texture":"#0","tintindex":0},"down":{"uv":[12.21876,0.8125,11.75,0.5],"rotation":270,"texture":"#0","tintindex":0}}},{"from":[7.5494285,1.0008922,8.749643],"to":[9.478,2.0008922,10.199643],"rotation":{"angle":-45.0,"axis":"z","origin":[8.0,3.809,9.510357]},"faces":{"east":{"uv":[2.25,11.59376,2.75,11.25],"rotation":0,"texture":"#0","tintindex":0},"south":{"uv":[4.34376,10.6875,4.0,10.0],"rotation":90,"texture":"#0","tintindex":0},"north":{"uv":[4.84376,10.6875,4.5,10.0],"rotation":270,"texture":"#0","tintindex":0},"west":{"uv":[11.25,1.75,11.75,2.09376],"rotation":180,"texture":"#0","tintindex":0},"up":{"uv":[4.5,9.9375,4.0,9.25],"rotation":90,"texture":"#0","tintindex":0},"down":{"uv":[5.0,9.9375,4.5,9.25],"rotation":90,"texture":"#0","tintindex":0}}},{"from":[6.6701856,1.346807,8.7675],"to":[8.598757,2.346807,10.181786],"rotation":{"angle":-22.5,"axis":"z","origin":[8.0,3.809,9.510357]},"faces":{"east":{"uv":[11.25,3.09376,11.75,2.75],"rotation":0,"texture":"#0","tintindex":0},"south":{"uv":[5.34376,10.6875,5.0,10.0],"rotation":90,"texture":"#0","tintindex":0},"north":{"uv":[5.84376,10.6875,5.5,10.0],"rotation":270,"texture":"#0","tintindex":0},"west":{"uv":[11.25,2.25,11.75,2.59376],"rotation":180,"texture":"#0","tintindex":0},"up":{"uv":[9.75,5.1875,9.25,4.5],"rotation":90,"texture":"#0","tintindex":0},"down":{"uv":[5.5,9.9375,5.0,9.25],"rotation":90,"texture":"#0","tintindex":0}}},{"from":[6.727143,0.26971388,8.277214],"to":[9.272858,2.0054278,10.579928],"rotation":{"angle":0.0,"axis":"y","origin":[8.0,3.812307,9.428572]},"faces":{"east":{"uv":[4.75,7.25,5.75,8.0625],"rotation":0,"texture":"#0","tintindex":0},"south":{"uv":[7.25,3.0,8.34376,3.8125],"rotation":0,"texture":"#0","tintindex":0},"north":{"uv":[3.5,7.25,4.59376,8.0625],"rotation":0,"texture":"#0","tintindex":0},"west":{"uv":[7.25,5.0,8.25,5.8125],"rotation":0,"texture":"#0","tintindex":0},"up":{"uv":[7.0,5.09376,6.0,4.0],"rotation":90,"texture":"#0","tintindex":0},"down":{"uv":[6.0,6.0,5.0,7.09376],"rotation":270,"texture":"#0","tintindex":0}}},{"from":[7.045357,0.06721401,8.3408575],"to":[8.954643,0.5763569,10.516286],"rotation":{"angle":0.0,"axis":"y","origin":[8.0,3.812307,9.428572]},"faces":{"east":{"uv":[10.5,0.5,11.4375,0.71876],"rotation":0,"texture":"#0","tintindex":0},"south":{"uv":[10.75,8.5,11.5625,8.71876],"rotation":0,"texture":"#0","tintindex":0},"north":{"uv":[11.0,9.75,11.8125,9.96876],"rotation":0,"texture":"#0","tintindex":0},"west":{"uv":[10.5,10.0,11.4375,10.21876],"rotation":0,"texture":"#0","tintindex":0},"up":{"uv":[7.1875,8.0625,6.25,7.25],"rotation":90,"texture":"#0","tintindex":0},"down":{"uv":[8.6875,6.0,7.75,6.8125],"rotation":270,"texture":"#0","tintindex":0}}},{"from":[7.2362857,-0.5113573,8.4681425],"to":[8.763715,0.25235653,10.389],"rotation":{"angle":0.0,"axis":"y","origin":[8.0,3.812307,9.428572]},"faces":{"east":{"uv":[9.75,3.5,10.59376,3.84376],"rotation":0,"texture":"#0","tintindex":0},"south":{"uv":[10.0,7.75,10.65626,8.09376],"rotation":0,"texture":"#0","tintindex":0},"north":{"uv":[10.0,8.25,10.65626,8.59376],"rotation":0,"texture":"#0","tintindex":0},"west":{"uv":[9.75,4.0,10.59376,4.34376],"rotation":0,"texture":"#0","tintindex":0},"up":{"uv":[7.09376,8.90626,6.25,8.25],"rotation":90,"texture":"#0","tintindex":0},"down":{"uv":[9.34376,0.0,8.5,0.65626],"rotation":270,"texture":"#0","tintindex":0}}},{"from":[7.459036,1.9895215,8.277214],"to":[8.540964,2.7532358,10.579928],"rotation":{"angle":0.0,"axis":"y","origin":[8.0,3.812307,9.428572]},"faces":{"east":{"uv":[9.25,5.25,10.25,5.59376],"rotation":0,"texture":"#0","tintindex":0},"south":{"uv":[5.0,11.25,5.46876,11.59376],"rotation":0,"texture":"#0","tintindex":0},"north":{"uv":[11.25,5.25,11.71876,5.59376],"rotation":0,"texture":"#0","tintindex":0},"west":{"uv":[9.25,5.75,10.25,6.09376],"rotation":0,"texture":"#0","tintindex":0},"up":{"uv":[9.5,1.21876,8.5,0.75],"rotation":90,"texture":"#0","tintindex":0},"down":{"uv":[9.5,1.25,8.5,1.71876],"rotation":270,"texture":"#0","tintindex":0}}},{"from":[9.127593,2.8619142,8.291678],"to":[10.1777,3.4347,10.565464],"rotation":{"angle":-45.0,"axis":"z","origin":[8.0,3.812307,9.428572]},"faces":{"east":{"uv":[10.0,0.75,10.96876,1.0],"rotation":0,"texture":"#0","tintindex":0},"south":{"uv":[8.5,3.75,8.96876,4.0],"rotation":0,"texture":"#0","tintindex":0},"north":{"uv":[11.25,8.25,11.71876,8.5],"rotation":0,"texture":"#0","tintindex":0},"west":{"uv":[10.0,1.0,10.96876,1.25],"rotation":0,"texture":"#0","tintindex":0},"up":{"uv":[9.46876,2.21876,8.5,1.75],"rotation":90,"texture":"#0","tintindex":0},"down":{"uv":[9.46876,2.25,8.5,2.71876],"rotation":270,"texture":"#0","tintindex":0}}},{"from":[9.566065,2.3959928,10.054878],"to":[10.043386,2.746028,10.190844],"rotation":{"angle":45.0,"axis":"z","origin":[8.0,3.812307,9.428572]},"faces":{"east":{"uv":[14.75,0.0,14.8125,0.15626],"rotation":0,"texture":"#0","tintindex":0},"south":{"uv":[11.5,10.0,11.71876,10.15626],"rotation":0,"texture":"#0","tintindex":0},"north":{"uv":[11.75,3.0,11.96876,3.15626],"rotation":0,"texture":"#0","tintindex":0},"west":{"uv":[0.25,14.75,0.3125,14.90626],"rotation":0,"texture":"#0","tintindex":0},"up":{"uv":[14.0625,14.71876,14.0,14.5],"rotation":90,"texture":"#0","tintindex":0},"down":{"uv":[14.3125,14.5,14.25,14.71876],"rotation":270,"texture":"#0","tintindex":0}}},{"from":[9.5358925,2.926721,9.979664],"to":[10.013214,3.4676857,10.266057],"rotation":{"angle":22.5,"axis":"z","origin":[8.0,3.812307,9.428572]},"faces":{"east":{"uv":[13.0,6.0,13.125,6.21876],"rotation":0,"texture":"#0","tintindex":0},"south":{"uv":[10.0,2.5,10.21876,2.71876],"rotation":0,"texture":"#0","tintindex":0},"north":{"uv":[6.0,10.0,6.21876,10.21876],"rotation":0,"texture":"#0","tintindex":0},"west":{"uv":[13.25,10.0,13.375,10.21876],"rotation":0,"texture":"#0","tintindex":0},"up":{"uv":[10.375,14.71876,10.25,14.5],"rotation":90,"texture":"#0","tintindex":0},"down":{"uv":[11.375,14.5,11.25,14.71876],"rotation":270,"texture":"#0","tintindex":0}}},{"from":[9.329271,3.4642925,9.852379],"to":[9.806585,4.1325426,10.393343],"rotation":{"angle":0.0,"axis":"y","origin":[8.0,3.812307,9.428572]},"faces":{"east":{"uv":[14.25,4.5,14.46876,4.78126],"rotation":0,"texture":"#0","tintindex":0},"south":{"uv":[5.0,14.25,5.21876,14.53126],"rotation":0,"texture":"#0","tintindex":0},"north":{"uv":[5.25,14.25,5.46876,14.53126],"rotation":0,"texture":"#0","tintindex":0},"west":{"uv":[14.25,5.0,14.46876,5.28126],"rotation":0,"texture":"#0","tintindex":0},"up":{"uv":[9.46876,7.96876,9.25,7.75],"rotation":90,"texture":"#0","tintindex":0},"down":{"uv":[9.71876,3.5,9.5,3.71876],"rotation":270,"texture":"#0","tintindex":0}}},{"from":[8.591722,4.3664713,9.8220005],"to":[9.355436,4.6846857,10.423715],"rotation":{"angle":-45.0,"axis":"z","origin":[8.0,3.812307,9.428572]},"faces":{"east":{"uv":[12.0,4.0,12.25,4.125],"rotation":0,"texture":"#0","tintindex":0},"south":{"uv":[14.5,5.5,14.84376,5.625],"rotation":0,"texture":"#0","tintindex":0},"north":{"uv":[14.5,5.75,14.84376,5.875],"rotation":0,"texture":"#0","tintindex":0},"west":{"uv":[12.0,9.75,12.25,9.875],"rotation":0,"texture":"#0","tintindex":0},"up":{"uv":[7.25,14.09376,7.0,13.75],"rotation":90,"texture":"#0","tintindex":0},"down":{"uv":[7.5,13.75,7.25,14.09376],"rotation":270,"texture":"#0","tintindex":0}}},{"from":[9.032414,2.8834925,9.836464],"to":[9.350629,3.5994782,10.40925],"rotation":{"angle":22.5,"axis":"z","origin":[8.0,3.812307,9.428572]},"faces":{"east":{"uv":[14.0,4.5,14.25,4.8125],"rotation":0,"texture":"#0","tintindex":0},"south":{"uv":[14.5,8.0,14.625,8.3125],"rotation":0,"texture":"#0","tintindex":0},"north":{"uv":[14.5,8.5,14.625,8.8125],"rotation":0,"texture":"#0","tintindex":0},"west":{"uv":[14.0,5.5,14.25,5.8125],"rotation":0,"texture":"#0","tintindex":0},"up":{"uv":[2.75,12.375,2.5,12.25],"rotation":90,"texture":"#0","tintindex":0},"down":{"uv":[12.5,10.25,12.25,10.375],"rotation":270,"texture":"#0","tintindex":0}}},{"from":[8.75875,3.7796354,9.807536],"to":[9.522465,4.09785,10.438179],"rotation":{"angle":-22.5,"axis":"z","origin":[8.0,3.812307,9.428572]},"faces":{"east":{"uv":[14.5,10.0,14.78126,10.125],"rotation":0,"texture":"#0","tintindex":0},"south":{"uv":[14.5,5.0,14.84376,5.125],"rotation":0,"texture":"#0","tintindex":0},"north":{"uv":[14.5,5.25,14.84376,5.375],"rotation":0,"texture":"#0","tintindex":0},"west":{"uv":[14.5,10.25,14.78126,10.375],"rotation":0,"texture":"#0","tintindex":0},"up":{"uv":[13.53126,0.84376,13.25,0.5],"rotation":90,"texture":"#0","tintindex":0},"down":{"uv":[13.53126,1.0,13.25,1.34376],"rotation":270,"texture":"#0","tintindex":0}}},{"from":[8.688486,3.1735501,9.793072],"to":[9.515842,3.491764,10.452643],"rotation":{"angle":0.0,"axis":"y","origin":[8.0,3.812307,9.428572]},"faces":{"east":{"uv":[9.25,14.5,9.53126,14.625],"rotation":0,"texture":"#0","tintindex":0},"south":{"uv":[14.5,4.5,14.84376,4.625],"rotation":0,"texture":"#0","tintindex":0},"north":{"uv":[14.5,4.75,14.84376,4.875],"rotation":0,"texture":"#0","tintindex":0},"west":{"uv":[9.75,14.5,10.03126,14.625],"rotation":0,"texture":"#0","tintindex":0},"up":{"uv":[13.03126,13.34376,12.75,13.0],"rotation":90,"texture":"#0","tintindex":0},"down":{"uv":[13.53126,0.0,13.25,0.34376],"rotation":270,"texture":"#0","tintindex":0}}},{"from":[8.739821,2.6282282,9.764143],"to":[9.599,3.1373715,10.481571],"rotation":{"angle":0.0,"axis":"y","origin":[8.0,3.812307,9.428572]},"faces":{"east":{"uv":[14.25,2.25,14.5625,2.46876],"rotation":0,"texture":"#0","tintindex":0},"south":{"uv":[9.0,13.75,9.375,13.96876],"rotation":0,"texture":"#0","tintindex":0},"north":{"uv":[13.75,9.5,14.125,9.71876],"rotation":0,"texture":"#0","tintindex":0},"west":{"uv":[2.5,14.25,2.8125,14.46876],"rotation":0,"texture":"#0","tintindex":0},"up":{"uv":[9.5625,12.625,9.25,12.25],"rotation":90,"texture":"#0","tintindex":0},"down":{"uv":[12.5625,9.25,12.25,9.625],"rotation":270,"texture":"#0","tintindex":0}}},{"from":[8.391643,2.5768352,9.778607],"to":[9.219,2.9586926,10.467108],"rotation":{"angle":22.5,"axis":"z","origin":[8.0,3.812307,9.428572]},"faces":{"east":{"uv":[2.0,14.5,2.3125,14.65626],"rotation":0,"texture":"#0","tintindex":0},"south":{"uv":[10.0,14.25,10.34376,14.40626],"rotation":0,"texture":"#0","tintindex":0},"north":{"uv":[10.75,14.25,11.09376,14.40626],"rotation":0,"texture":"#0","tintindex":0},"west":{"uv":[2.5,14.5,2.8125,14.65626],"rotation":0,"texture":"#0","tintindex":0},"up":{"uv":[6.3125,13.09376,6.0,12.75],"rotation":90,"texture":"#0","tintindex":0},"down":{"uv":[13.0625,6.25,12.75,6.59376],"rotation":270,"texture":"#0","tintindex":0}}},{"from":[9.007586,2.9484215,9.749679],"to":[9.930408,3.3302784,10.496036],"rotation":{"angle":-22.5,"axis":"z","origin":[8.0,3.812307,9.428572]},"faces":{"east":{"uv":[1.0,14.5,1.3125,14.65626],"rotation":0,"texture":"#0","tintindex":0},"south":{"uv":[4.0,14.25,4.40626,14.40626],"rotation":0,"texture":"#0","tintindex":0},"north":{"uv":[14.25,4.0,14.65626,4.15626],"rotation":0,"texture":"#0","tintindex":0},"west":{"uv":[1.5,14.5,1.8125,14.65626],"rotation":0,"texture":"#0","tintindex":0},"up":{"uv":[4.0625,12.65626,3.75,12.25],"rotation":90,"texture":"#0","tintindex":0},"down":{"uv":[12.5625,4.0,12.25,4.40626],"rotation":270,"texture":"#0","tintindex":0}}},{"from":[9.191236,3.4347,9.735214],"to":[10.114058,3.752914,10.5105],"rotation":{"angle":-45.0,"axis":"z","origin":[8.0,3.812307,9.428572]},"faces":{"east":{"uv":[4.0,14.5,4.34376,14.625],"rotation":0,"texture":"#0","tintindex":0},"south":{"uv":[12.25,14.25,12.65626,14.375],"rotation":0,"texture":"#0","tintindex":0},"north":{"uv":[14.25,12.5,14.65626,12.625],"rotation":0,"texture":"#0","tintindex":0},"west":{"uv":[4.5,14.5,4.84376,14.625],"rotation":0,"texture":"#0","tintindex":0},"up":{"uv":[7.34376,12.15626,7.0,11.75],"rotation":90,"texture":"#0","tintindex":0},"down":{"uv":[12.09376,7.25,11.75,7.65626],"rotation":270,"texture":"#0","tintindex":0}}},{"from":[5.8859425,3.4347,9.735214],"to":[6.8087645,3.752914,10.5105],"rotation":{"angle":45.0,"axis":"z","origin":[8.0,3.812307,9.428572]},"faces":{"east":{"uv":[4.84376,14.5,4.5,14.625],"rotation":0,"texture":"#0","tintindex":0},"south":{"uv":[12.65626,14.25,12.25,14.375],"rotation":0,"texture":"#0","tintindex":0},"north":{"uv":[14.65626,12.5,14.25,12.625],"rotation":0,"texture":"#0","tintindex":0},"west":{"uv":[4.34376,14.5,4.0,14.625],"rotation":0,"texture":"#0","tintindex":0},"up":{"uv":[7.34376,11.75,7.0,12.15626],"rotation":90,"texture":"#0","tintindex":0},"down":{"uv":[12.09376,7.65626,11.75,7.25],"rotation":270,"texture":"#0","tintindex":0}}},{"from":[6.069593,2.9484215,9.749679],"to":[6.9924145,3.3302784,10.496036],"rotation":{"angle":22.5,"axis":"z","origin":[8.0,3.812307,9.428572]},"faces":{"east":{"uv":[1.8125,14.5,1.5,14.65626],"rotation":0,"texture":"#0","tintindex":0},"south":{"uv":[4.40626,14.25,4.0,14.40626],"rotation":0,"texture":"#0","tintindex":0},"north":{"uv":[14.65626,4.0,14.25,4.15626],"rotation":0,"texture":"#0","tintindex":0},"west":{"uv":[1.3125,14.5,1.0,14.65626],"rotation":0,"texture":"#0","tintindex":0},"up":{"uv":[4.0625,12.25,3.75,12.65626],"rotation":90,"texture":"#0","tintindex":0},"down":{"uv":[12.5625,4.40626,12.25,4.0],"rotation":270,"texture":"#0","tintindex":0}}},{"from":[6.401,2.6282282,9.764143],"to":[7.2601786,3.1373715,10.481571],"rotation":{"angle":0.0,"axis":"y","origin":[8.0,3.812307,9.428572]},"faces":{"east":{"uv":[2.8125,14.25,2.5,14.46876],"rotation":0,"texture":"#0","tintindex":0},"south":{"uv":[9.375,13.75,9.0,13.96876],"rotation":0,"texture":"#0","tintindex":0},"north":{"uv":[14.125,9.5,13.75,9.71876],"rotation":0,"texture":"#0","tintindex":0},"west":{"uv":[14.5625,2.25,14.25,2.46876],"rotation":0,"texture":"#0","tintindex":0},"up":{"uv":[9.5625,12.25,9.25,12.625],"rotation":90,"texture":"#0","tintindex":0},"down":{"uv":[12.5625,9.625,12.25,9.25],"rotation":270,"texture":"#0","tintindex":0}}},{"from":[6.781,2.5768352,9.778607],"to":[7.608357,2.9586926,10.467108],"rotation":{"angle":-22.5,"axis":"z","origin":[8.0,3.812307,9.428572]},"faces":{"east":{"uv":[2.8125,14.5,2.5,14.65626],"rotation":0,"texture":"#0","tintindex":0},"south":{"uv":[10.34376,14.25,10.0,14.40626],"rotation":0,"texture":"#0","tintindex":0},"north":{"uv":[11.09376,14.25,10.75,14.40626],"rotation":0,"texture":"#0","tintindex":0},"west":{"uv":[2.3125,14.5,2.0,14.65626],"rotation":0,"texture":"#0","tintindex":0},"up":{"uv":[6.3125,12.75,6.0,13.09376],"rotation":90,"texture":"#0","tintindex":0},"down":{"uv":[13.0625,6.59376,12.75,6.25],"rotation":270,"texture":"#0","tintindex":0}}},{"from":[6.484157,3.1735501,9.793072],"to":[7.3115144,3.491764,10.452643],"rotation":{"angle":0.0,"axis":"y","origin":[8.0,3.812307,9.428572]},"faces":{"east":{"uv":[10.03126,14.5,9.75,14.625],"rotation":0,"texture":"#0","tintindex":0},"south":{"uv":[14.84376,4.5,14.5,4.625],"rotation":0,"texture":"#0","tintindex":0},"north":{"uv":[14.84376,4.75,14.5,4.875],"rotation":0,"texture":"#0","tintindex":0},"west":{"uv":[9.53126,14.5,9.25,14.625],"rotation":0,"texture":"#0","tintindex":0},"up":{"uv":[13.03126,13.0,12.75,13.34376],"rotation":90,"texture":"#0","tintindex":0},"down":{"uv":[13.53126,0.34376,13.25,0.0],"rotation":270,"texture":"#0","tintindex":0}}},{"from":[6.4775357,3.7796354,9.807536],"to":[7.24125,4.09785,10.438179],"rotation":{"angle":22.5,"axis":"z","origin":[8.0,3.812307,9.428572]},"faces":{"east":{"uv":[14.78126,10.25,14.5,10.375],"rotation":0,"texture":"#0","tintindex":0},"south":{"uv":[14.84376,5.0,14.5,5.125],"rotation":0,"texture":"#0","tintindex":0},"north":{"uv":[14.84376,5.25,14.5,5.375],"rotation":0,"texture":"#0","tintindex":0},"west":{"uv":[14.78126,10.0,14.5,10.125],"rotation":0,"texture":"#0","tintindex":0},"up":{"uv":[13.53126,0.5,13.25,0.84376],"rotation":90,"texture":"#0","tintindex":0},"down":{"uv":[13.53126,1.34376,13.25,1.0],"rotation":270,"texture":"#0","tintindex":0}}},{"from":[6.193407,3.4642925,9.852379],"to":[6.6707287,4.1325426,10.393343],"rotation":{"angle":0.0,"axis":"y","origin":[8.0,3.812307,9.428572]},"faces":{"east":{"uv":[14.46876,5.0,14.25,5.28126],"rotation":0,"texture":"#0","tintindex":0},"south":{"uv":[5.21876,14.25,5.0,14.53126],"rotation":0,"texture":"#0","tintindex":0},"north":{"uv":[5.46876,14.25,5.25,14.53126],"rotation":0,"texture":"#0","tintindex":0},"west":{"uv":[14.46876,4.5,14.25,4.78126],"rotation":0,"texture":"#0","tintindex":0},"up":{"uv":[9.46876,7.75,9.25,7.96876],"rotation":90,"texture":"#0","tintindex":0},"down":{"uv":[9.71876,3.71876,9.5,3.5],"rotation":270,"texture":"#0","tintindex":0}}},{"from":[6.649371,2.8834925,9.836464],"to":[6.9675856,3.5994782,10.40925],"rotation":{"angle":-22.5,"axis":"z","origin":[8.0,3.812307,9.428572]},"faces":{"east":{"uv":[14.25,5.5,14.0,5.8125],"rotation":0,"texture":"#0","tintindex":0},"south":{"uv":[14.625,8.0,14.5,8.3125],"rotation":0,"texture":"#0","tintindex":0},"north":{"uv":[14.625,8.5,14.5,8.8125],"rotation":0,"texture":"#0","tintindex":0},"west":{"uv":[14.25,4.5,14.0,4.8125],"rotation":0,"texture":"#0","tintindex":0},"up":{"uv":[2.75,12.25,2.5,12.375],"rotation":90,"texture":"#0","tintindex":0},"down":{"uv":[12.5,10.375,12.25,10.25],"rotation":270,"texture":"#0","tintindex":0}}},{"from":[6.644564,4.3664713,9.8220005],"to":[7.4082785,4.6846857,10.423715],"rotation":{"angle":45.0,"axis":"z","origin":[8.0,3.812307,9.428572]},"faces":{"east":{"uv":[12.25,9.75,12.0,9.875],"rotation":0,"texture":"#0","tintindex":0},"south":{"uv":[14.84376,5.5,14.5,5.625],"rotation":0,"texture":"#0","tintindex":0},"north":{"uv":[14.84376,5.75,14.5,5.875],"rotation":0,"texture":"#0","tintindex":0},"west":{"uv":[12.25,4.0,12.0,4.125],"rotation":0,"texture":"#0","tintindex":0},"up":{"uv":[7.25,13.75,7.0,14.09376],"rotation":90,"texture":"#0","tintindex":0},"down":{"uv":[7.5,14.09376,7.25,13.75],"rotation":270,"texture":"#0","tintindex":0}}},{"from":[5.986786,2.926721,9.979664],"to":[6.464107,3.4676857,10.266057],"rotation":{"angle":-22.5,"axis":"z","origin":[8.0,3.812307,9.428572]},"faces":{"east":{"uv":[13.375,10.0,13.25,10.21876],"rotation":0,"texture":"#0","tintindex":0},"south":{"uv":[10.21876,2.5,10.0,2.71876],"rotation":0,"texture":"#0","tintindex":0},"north":{"uv":[6.21876,10.0,6.0,10.21876],"rotation":0,"texture":"#0","tintindex":0},"west":{"uv":[13.125,6.0,13.0,6.21876],"rotation":0,"texture":"#0","tintindex":0},"up":{"uv":[10.375,14.5,10.25,14.71876],"rotation":90,"texture":"#0","tintindex":0},"down":{"uv":[11.375,14.71876,11.25,14.5],"rotation":270,"texture":"#0","tintindex":0}}},{"from":[5.956614,2.3959928,10.054878],"to":[6.4339356,2.746028,10.190844],"rotation":{"angle":-45.0,"axis":"z","origin":[8.0,3.812307,9.428572]},"faces":{"east":{"uv":[0.3125,14.75,0.25,14.90626],"rotation":0,"texture":"#0","tintindex":0},"south":{"uv":[11.71876,10.0,11.5,10.15626],"rotation":0,"texture":"#0","tintindex":0},"north":{"uv":[11.96876,3.0,11.75,3.15626],"rotation":0,"texture":"#0","tintindex":0},"west":{"uv":[14.8125,0.0,14.75,0.15626],"rotation":0,"texture":"#0","tintindex":0},"up":{"uv":[14.0625,14.5,14.0,14.71876],"rotation":90,"texture":"#0","tintindex":0},"down":{"uv":[14.3125,14.71876,14.25,14.5],"rotation":270,"texture":"#0","tintindex":0}}},{"from":[5.8859425,3.4347,8.3466425],"to":[6.8087645,3.752914,9.121928],"rotation":{"angle":45.0,"axis":"z","origin":[8.0,3.812307,9.428572]},"faces":{"east":{"uv":[4.5,14.5,4.84376,14.625],"rotation":0,"texture":"#0","tintindex":0},"south":{"uv":[14.25,12.5,14.65626,12.625],"rotation":0,"texture":"#0","tintindex":0},"north":{"uv":[12.25,14.25,12.65626,14.375],"rotation":0,"texture":"#0","tintindex":0},"west":{"uv":[4.0,14.5,4.34376,14.625],"rotation":0,"texture":"#0","tintindex":0},"up":{"uv":[7.0,11.75,7.34376,12.15626],"rotation":90,"texture":"#0","tintindex":0},"down":{"uv":[11.75,7.65626,12.09376,7.25],"rotation":270,"texture":"#0","tintindex":0}}},{"from":[6.069593,2.9484215,8.361107],"to":[6.9924145,3.3302784,9.107464],"rotation":{"angle":22.5,"axis":"z","origin":[8.0,3.812307,9.428572]},"faces":{"east":{"uv":[1.5,14.5,1.8125,14.65626],"rotation":0,"texture":"#0","tintindex":0},"south":{"uv":[14.25,4.0,14.65626,4.15626],"rotation":0,"texture":"#0","tintindex":0},"north":{"uv":[4.0,14.25,4.40626,14.40626],"rotation":0,"texture":"#0","tintindex":0},"west":{"uv":[1.0,14.5,1.3125,14.65626],"rotation":0,"texture":"#0","tintindex":0},"up":{"uv":[3.75,12.25,4.0625,12.65626],"rotation":90,"texture":"#0","tintindex":0},"down":{"uv":[12.25,4.40626,12.5625,4.0],"rotation":270,"texture":"#0","tintindex":0}}},{"from":[6.401,2.6282282,8.375571],"to":[7.2601786,3.1373715,9.093],"rotation":{"angle":0.0,"axis":"y","origin":[8.0,3.812307,9.428572]},"faces":{"east":{"uv":[2.5,14.25,2.8125,14.46876],"rotation":0,"texture":"#0","tintindex":0},"south":{"uv":[13.75,9.5,14.125,9.71876],"rotation":0,"texture":"#0","tintindex":0},"north":{"uv":[9.0,13.75,9.375,13.96876],"rotation":0,"texture":"#0","tintindex":0},"west":{"uv":[14.25,2.25,14.5625,2.46876],"rotation":0,"texture":"#0","tintindex":0},"up":{"uv":[9.25,12.25,9.5625,12.625],"rotation":90,"texture":"#0","tintindex":0},"down":{"uv":[12.25,9.625,12.5625,9.25],"rotation":270,"texture":"#0","tintindex":0}}},{"from":[6.781,2.5768352,8.390036],"to":[7.608357,2.9586926,9.078536],"rotation":{"angle":-22.5,"axis":"z","origin":[8.0,3.812307,9.428572]},"faces":{"east":{"uv":[2.5,14.5,2.8125,14.65626],"rotation":0,"texture":"#0","tintindex":0},"south":{"uv":[10.75,14.25,11.09376,14.40626],"rotation":0,"texture":"#0","tintindex":0},"north":{"uv":[10.0,14.25,10.34376,14.40626],"rotation":0,"texture":"#0","tintindex":0},"west":{"uv":[2.0,14.5,2.3125,14.65626],"rotation":0,"texture":"#0","tintindex":0},"up":{"uv":[6.0,12.75,6.3125,13.09376],"rotation":90,"texture":"#0","tintindex":0},"down":{"uv":[12.75,6.59376,13.0625,6.25],"rotation":270,"texture":"#0","tintindex":0}}},{"from":[6.484157,3.1735501,8.4045],"to":[7.3115144,3.491764,9.064072],"rotation":{"angle":0.0,"axis":"y","origin":[8.0,3.812307,9.428572]},"faces":{"east":{"uv":[9.75,14.5,10.03126,14.625],"rotation":0,"texture":"#0","tintindex":0},"south":{"uv":[14.5,4.75,14.84376,4.875],"rotation":0,"texture":"#0","tintindex":0},"north":{"uv":[14.5,4.5,14.84376,4.625],"rotation":0,"texture":"#0","tintindex":0},"west":{"uv":[9.25,14.5,9.53126,14.625],"rotation":0,"texture":"#0","tintindex":0},"up":{"uv":[12.75,13.0,13.03126,13.34376],"rotation":90,"texture":"#0","tintindex":0},"down":{"uv":[13.25,0.34376,13.53126,0.0],"rotation":270,"texture":"#0","tintindex":0}}},{"from":[6.4775357,3.7796354,8.418964],"to":[7.24125,4.09785,9.049607],"rotation":{"angle":22.5,"axis":"z","origin":[8.0,3.812307,9.428572]},"faces":{"east":{"uv":[14.5,10.25,14.78126,10.375],"rotation":0,"texture":"#0","tintindex":0},"south":{"uv":[14.5,5.25,14.84376,5.375],"rotation":0,"texture":"#0","tintindex":0},"north":{"uv":[14.5,5.0,14.84376,5.125],"rotation":0,"texture":"#0","tintindex":0},"west":{"uv":[14.5,10.0,14.78126,10.125],"rotation":0,"texture":"#0","tintindex":0},"up":{"uv":[13.25,0.5,13.53126,0.84376],"rotation":90,"texture":"#0","tintindex":0},"down":{"uv":[13.25,1.34376,13.53126,1.0],"rotation":270,"texture":"#0","tintindex":0}}},{"from":[6.193407,3.4642925,8.463807],"to":[6.6707287,4.1325426,9.004771],"rotation":{"angle":0.0,"axis":"y","origin":[8.0,3.812307,9.428572]},"faces":{"east":{"uv":[14.25,5.0,14.46876,5.28126],"rotation":0,"texture":"#0","tintindex":0},"south":{"uv":[5.25,14.25,5.46876,14.53126],"rotation":0,"texture":"#0","tintindex":0},"north":{"uv":[5.0,14.25,5.21876,14.53126],"rotation":0,"texture":"#0","tintindex":0},"west":{"uv":[14.25,4.5,14.46876,4.78126],"rotation":0,"texture":"#0","tintindex":0},"up":{"uv":[9.25,7.75,9.46876,7.96876],"rotation":90,"texture":"#0","tintindex":0},"down":{"uv":[9.5,3.71876,9.71876,3.5],"rotation":270,"texture":"#0","tintindex":0}}},{"from":[6.649371,2.8834925,8.447893],"to":[6.9675856,3.5994782,9.0206785],"rotation":{"angle":-22.5,"axis":"z","origin":[8.0,3.812307,9.428572]},"faces":{"east":{"uv":[14.0,5.5,14.25,5.8125],"rotation":0,"texture":"#0","tintindex":0},"south":{"uv":[14.5,8.5,14.625,8.8125],"rotation":0,"texture":"#0","tintindex":0},"north":{"uv":[14.5,8.0,14.625,8.3125],"rotation":0,"texture":"#0","tintindex":0},"west":{"uv":[14.0,4.5,14.25,4.8125],"rotation":0,"texture":"#0","tintindex":0},"up":{"uv":[2.5,12.25,2.75,12.375],"rotation":90,"texture":"#0","tintindex":0},"down":{"uv":[12.25,10.375,12.5,10.25],"rotation":270,"texture":"#0","tintindex":0}}},{"from":[6.644564,4.3664713,8.433429],"to":[7.4082785,4.6846857,9.035143],"rotation":{"angle":45.0,"axis":"z","origin":[8.0,3.812307,9.428572]},"faces":{"east":{"uv":[12.0,9.75,12.25,9.875],"rotation":0,"texture":"#0","tintindex":0},"south":{"uv":[14.5,5.75,14.84376,5.875],"rotation":0,"texture":"#0","tintindex":0},"north":{"uv":[14.5,5.5,14.84376,5.625],"rotation":0,"texture":"#0","tintindex":0},"west":{"uv":[12.0,4.0,12.25,4.125],"rotation":0,"texture":"#0","tintindex":0},"up":{"uv":[7.0,13.75,7.25,14.09376],"rotation":90,"texture":"#0","tintindex":0},"down":{"uv":[7.25,14.09376,7.5,13.75],"rotation":270,"texture":"#0","tintindex":0}}},{"from":[5.986786,2.926721,8.591093],"to":[6.464107,3.4676857,8.877485],"rotation":{"angle":-22.5,"axis":"z","origin":[8.0,3.812307,9.428572]},"faces":{"east":{"uv":[13.25,10.0,13.375,10.21876],"rotation":0,"texture":"#0","tintindex":0},"south":{"uv":[6.0,10.0,6.21876,10.21876],"rotation":0,"texture":"#0","tintindex":0},"north":{"uv":[10.0,2.5,10.21876,2.71876],"rotation":0,"texture":"#0","tintindex":0},"west":{"uv":[13.0,6.0,13.125,6.21876],"rotation":0,"texture":"#0","tintindex":0},"up":{"uv":[10.25,14.5,10.375,14.71876],"rotation":90,"texture":"#0","tintindex":0},"down":{"uv":[11.25,14.71876,11.375,14.5],"rotation":270,"texture":"#0","tintindex":0}}},{"from":[5.956614,2.3959928,8.666307],"to":[6.4339356,2.746028,8.802272],"rotation":{"angle":-45.0,"axis":"z","origin":[8.0,3.812307,9.428572]},"faces":{"east":{"uv":[0.25,14.75,0.3125,14.90626],"rotation":0,"texture":"#0","tintindex":0},"south":{"uv":[11.75,3.0,11.96876,3.15626],"rotation":0,"texture":"#0","tintindex":0},"north":{"uv":[11.5,10.0,11.71876,10.15626],"rotation":0,"texture":"#0","tintindex":0},"west":{"uv":[14.75,0.0,14.8125,0.15626],"rotation":0,"texture":"#0","tintindex":0},"up":{"uv":[14.0,14.5,14.0625,14.71876],"rotation":90,"texture":"#0","tintindex":0},"down":{"uv":[14.25,14.71876,14.3125,14.5],"rotation":270,"texture":"#0","tintindex":0}}},{"from":[9.191236,3.4347,8.3466425],"to":[10.114058,3.752914,9.121928],"rotation":{"angle":-45.0,"axis":"z","origin":[8.0,3.812307,9.428572]},"faces":{"east":{"uv":[4.34376,14.5,4.0,14.625],"rotation":0,"texture":"#0","tintindex":0},"south":{"uv":[14.65626,12.5,14.25,12.625],"rotation":0,"texture":"#0","tintindex":0},"north":{"uv":[12.65626,14.25,12.25,14.375],"rotation":0,"texture":"#0","tintindex":0},"west":{"uv":[4.84376,14.5,4.5,14.625],"rotation":0,"texture":"#0","tintindex":0},"up":{"uv":[7.0,12.15626,7.34376,11.75],"rotation":90,"texture":"#0","tintindex":0},"down":{"uv":[11.75,7.25,12.09376,7.65626],"rotation":270,"texture":"#0","tintindex":0}}},{"from":[9.007586,2.9484215,8.361107],"to":[9.930408,3.3302784,9.107464],"rotation":{"angle":-22.5,"axis":"z","origin":[8.0,3.812307,9.428572]},"faces":{"east":{"uv":[1.3125,14.5,1.0,14.65626],"rotation":0,"texture":"#0","tintindex":0},"south":{"uv":[14.65626,4.0,14.25,4.15626],"rotation":0,"texture":"#0","tintindex":0},"north":{"uv":[4.40626,14.25,4.0,14.40626],"rotation":0,"texture":"#0","tintindex":0},"west":{"uv":[1.8125,14.5,1.5,14.65626],"rotation":0,"texture":"#0","tintindex":0},"up":{"uv":[3.75,12.65626,4.0625,12.25],"rotation":90,"texture":"#0","tintindex":0},"down":{"uv":[12.25,4.0,12.5625,4.40626],"rotation":270,"texture":"#0","tintindex":0}}},{"from":[8.739821,2.6282282,8.375571],"to":[9.599,3.1373715,9.093],"rotation":{"angle":0.0,"axis":"y","origin":[8.0,3.812307,9.428572]},"faces":{"east":{"uv":[14.5625,2.25,14.25,2.46876],"rotation":0,"texture":"#0","tintindex":0},"south":{"uv":[14.125,9.5,13.75,9.71876],"rotation":0,"texture":"#0","tintindex":0},"north":{"uv":[9.375,13.75,9.0,13.96876],"rotation":0,"texture":"#0","tintindex":0},"west":{"uv":[2.8125,14.25,2.5,14.46876],"rotation":0,"texture":"#0","tintindex":0},"up":{"uv":[9.25,12.625,9.5625,12.25],"rotation":90,"texture":"#0","tintindex":0},"down":{"uv":[12.25,9.25,12.5625,9.625],"rotation":270,"texture":"#0","tintindex":0}}},{"from":[8.391643,2.5768352,8.390036],"to":[9.219,2.9586926,9.078536],"rotation":{"angle":22.5,"axis":"z","origin":[8.0,3.812307,9.428572]},"faces":{"east":{"uv":[2.3125,14.5,2.0,14.65626],"rotation":0,"texture":"#0","tintindex":0},"south":{"uv":[11.09376,14.25,10.75,14.40626],"rotation":0,"texture":"#0","tintindex":0},"north":{"uv":[10.34376,14.25,10.0,14.40626],"rotation":0,"texture":"#0","tintindex":0},"west":{"uv":[2.8125,14.5,2.5,14.65626],"rotation":0,"texture":"#0","tintindex":0},"up":{"uv":[6.0,13.09376,6.3125,12.75],"rotation":90,"texture":"#0","tintindex":0},"down":{"uv":[12.75,6.25,13.0625,6.59376],"rotation":270,"texture":"#0","tintindex":0}}},{"from":[8.688486,3.1735501,8.4045],"to":[9.515842,3.491764,9.064072],"rotation":{"angle":0.0,"axis":"y","origin":[8.0,3.812307,9.428572]},"faces":{"east":{"uv":[9.53126,14.5,9.25,14.625],"rotation":0,"texture":"#0","tintindex":0},"south":{"uv":[14.84376,4.75,14.5,4.875],"rotation":0,"texture":"#0","tintindex":0},"north":{"uv":[14.84376,4.5,14.5,4.625],"rotation":0,"texture":"#0","tintindex":0},"west":{"uv":[10.03126,14.5,9.75,14.625],"rotation":0,"texture":"#0","tintindex":0},"up":{"uv":[12.75,13.34376,13.03126,13.0],"rotation":90,"texture":"#0","tintindex":0},"down":{"uv":[13.25,0.0,13.53126,0.34376],"rotation":270,"texture":"#0","tintindex":0}}},{"from":[8.591722,4.3664713,8.433429],"to":[9.355436,4.6846857,9.035143],"rotation":{"angle":-45.0,"axis":"z","origin":[8.0,3.812307,9.428572]},"faces":{"east":{"uv":[12.25,4.0,12.0,4.125],"rotation":0,"texture":"#0","tintindex":0},"south":{"uv":[14.84376,5.75,14.5,5.875],"rotation":0,"texture":"#0","tintindex":0},"north":{"uv":[14.84376,5.5,14.5,5.625],"rotation":0,"texture":"#0","tintindex":0},"west":{"uv":[12.25,9.75,12.0,9.875],"rotation":0,"texture":"#0","tintindex":0},"up":{"uv":[7.0,14.09376,7.25,13.75],"rotation":90,"texture":"#0","tintindex":0},"down":{"uv":[7.25,13.75,7.5,14.09376],"rotation":270,"texture":"#0","tintindex":0}}},{"from":[8.75875,3.7796354,8.418964],"to":[9.522465,4.09785,9.049607],"rotation":{"angle":-22.5,"axis":"z","origin":[8.0,3.812307,9.428572]},"faces":{"east":{"uv":[14.78126,10.0,14.5,10.125],"rotation":0,"texture":"#0","tintindex":0},"south":{"uv":[14.84376,5.25,14.5,5.375],"rotation":0,"texture":"#0","tintindex":0},"north":{"uv":[14.84376,5.0,14.5,5.125],"rotation":0,"texture":"#0","tintindex":0},"west":{"uv":[14.78126,10.25,14.5,10.375],"rotation":0,"texture":"#0","tintindex":0},"up":{"uv":[13.25,0.84376,13.53126,0.5],"rotation":90,"texture":"#0","tintindex":0},"down":{"uv":[13.25,1.0,13.53126,1.34376],"rotation":270,"texture":"#0","tintindex":0}}},{"from":[9.032414,2.8834925,8.447893],"to":[9.350629,3.5994782,9.0206785],"rotation":{"angle":22.5,"axis":"z","origin":[8.0,3.812307,9.428572]},"faces":{"east":{"uv":[14.25,4.5,14.0,4.8125],"rotation":0,"texture":"#0","tintindex":0},"south":{"uv":[14.625,8.5,14.5,8.8125],"rotation":0,"texture":"#0","tintindex":0},"north":{"uv":[14.625,8.0,14.5,8.3125],"rotation":0,"texture":"#0","tintindex":0},"west":{"uv":[14.25,5.5,14.0,5.8125],"rotation":0,"texture":"#0","tintindex":0},"up":{"uv":[2.5,12.375,2.75,12.25],"rotation":90,"texture":"#0","tintindex":0},"down":{"uv":[12.25,10.25,12.5,10.375],"rotation":270,"texture":"#0","tintindex":0}}},{"from":[9.329271,3.4642925,8.463807],"to":[9.806585,4.1325426,9.004771],"rotation":{"angle":0.0,"axis":"y","origin":[8.0,3.812307,9.428572]},"faces":{"east":{"uv":[14.46876,4.5,14.25,4.78126],"rotation":0,"texture":"#0","tintindex":0},"south":{"uv":[5.46876,14.25,5.25,14.53126],"rotation":0,"texture":"#0","tintindex":0},"north":{"uv":[5.21876,14.25,5.0,14.53126],"rotation":0,"texture":"#0","tintindex":0},"west":{"uv":[14.46876,5.0,14.25,5.28126],"rotation":0,"texture":"#0","tintindex":0},"up":{"uv":[9.25,7.96876,9.46876,7.75],"rotation":90,"texture":"#0","tintindex":0},"down":{"uv":[9.5,3.5,9.71876,3.71876],"rotation":270,"texture":"#0","tintindex":0}}},{"from":[9.5358925,2.926721,8.591093],"to":[10.013214,3.4676857,8.877485],"rotation":{"angle":22.5,"axis":"z","origin":[8.0,3.812307,9.428572]},"faces":{"east":{"uv":[13.125,6.0,13.0,6.21876],"rotation":0,"texture":"#0","tintindex":0},"south":{"uv":[6.21876,10.0,6.0,10.21876],"rotation":0,"texture":"#0","tintindex":0},"north":{"uv":[10.21876,2.5,10.0,2.71876],"rotation":0,"texture":"#0","tintindex":0},"west":{"uv":[13.375,10.0,13.25,10.21876],"rotation":0,"texture":"#0","tintindex":0},"up":{"uv":[10.25,14.71876,10.375,14.5],"rotation":90,"texture":"#0","tintindex":0},"down":{"uv":[11.25,14.5,11.375,14.71876],"rotation":270,"texture":"#0","tintindex":0}}},{"from":[9.566065,2.3959928,8.666307],"to":[10.043386,2.746028,8.802272],"rotation":{"angle":45.0,"axis":"z","origin":[8.0,3.812307,9.428572]},"faces":{"east":{"uv":[14.8125,0.0,14.75,0.15626],"rotation":0,"texture":"#0","tintindex":0},"south":{"uv":[11.96876,3.0,11.75,3.15626],"rotation":0,"texture":"#0","tintindex":0},"north":{"uv":[11.71876,10.0,11.5,10.15626],"rotation":0,"texture":"#0","tintindex":0},"west":{"uv":[0.3125,14.75,0.25,14.90626],"rotation":0,"texture":"#0","tintindex":0},"up":{"uv":[14.0,14.71876,14.0625,14.5],"rotation":90,"texture":"#0","tintindex":0},"down":{"uv":[14.25,14.5,14.3125,14.71876],"rotation":270,"texture":"#0","tintindex":0}}},{"from":[5.8223,2.8619142,8.291678],"to":[6.872407,3.4347,10.565464],"rotation":{"angle":45.0,"axis":"z","origin":[8.0,3.812307,9.428572]},"faces":{"east":{"uv":[10.0,1.25,10.96876,1.5],"rotation":0,"texture":"#0","tintindex":0},"south":{"uv":[12.25,5.5,12.71876,5.75],"rotation":0,"texture":"#0","tintindex":0},"north":{"uv":[12.25,5.5,12.71876,5.75],"rotation":0,"texture":"#0","tintindex":0},"west":{"uv":[10.0,1.5,10.96876,1.75],"rotation":0,"texture":"#0","tintindex":0},"up":{"uv":[9.46876,3.21876,8.5,2.75],"rotation":90,"texture":"#0","tintindex":0},"down":{"uv":[9.46876,3.25,8.5,3.71876],"rotation":270,"texture":"#0","tintindex":0}}},{"from":[8.864285,1.9161425,9.188929],"to":[9.642143,3.471857,9.688929],"rotation":{"angle":0.0,"axis":"y","origin":[8.0,3.809,9.510357]},"faces":{"east":{"uv":[8.0,11.5,8.28126,12.03126],"rotation":0,"texture":"#0","tintindex":0},"south":{"uv":[8.5,11.5,8.78126,12.03126],"rotation":0,"texture":"#0","tintindex":0},"north":{"uv":[9.5,11.5,9.78126,12.03126],"rotation":0,"texture":"#0","tintindex":0},"west":{"uv":[9.0,11.5,9.28126,12.03126],"rotation":0,"texture":"#0","tintindex":0},"up":{"uv":[0.28126,14.28126,0.0,14.0],"rotation":90,"texture":"#0","tintindex":0},"down":{"uv":[1.28126,14.0,1.0,14.28126],"rotation":270,"texture":"#0","tintindex":0}}},{"from":[8.584865,4.820464,9.188857],"to":[9.449293,5.6848927,9.689],"rotation":{"angle":-45.0,"axis":"z","origin":[8.0,3.809,9.510357]},"faces":{"east":{"uv":[13.5,3.0,13.78126,3.3125],"rotation":0,"texture":"#0","tintindex":0},"south":{"uv":[2.5,13.0,2.8125,13.3125],"rotation":0,"texture":"#0","tintindex":0},"north":{"uv":[2.8125,13.0,2.5,13.3125],"rotation":0,"texture":"#0","tintindex":0},"west":{"uv":[12.25,14.0,12.53126,14.25],"rotation":0,"texture":"#0","tintindex":0},"up":{"uv":[13.78126,4.8125,13.5,4.5],"rotation":90,"texture":"#0","tintindex":0},"down":{"uv":[13.78126,5.5,13.5,5.8125],"rotation":270,"texture":"#0","tintindex":0}}},{"from":[9.486958,4.110721,9.189],"to":[10.3511,4.8020067,9.688857],"rotation":{"angle":0.0,"axis":"y","origin":[8.0,3.809,9.510357]},"faces":{"east":{"uv":[11.75,14.0,12.03126,14.25],"rotation":0,"texture":"#0","tintindex":0},"south":{"uv":[14.0,8.25,14.3125,8.5],"rotation":0,"texture":"#0","tintindex":0},"north":{"uv":[14.3125,8.25,14.0,8.5],"rotation":0,"texture":"#0","tintindex":0},"west":{"uv":[14.0,11.75,14.28126,12.0],"rotation":0,"texture":"#0","tintindex":0},"up":{"uv":[2.78126,13.8125,2.5,13.5],"rotation":90,"texture":"#0","tintindex":0},"down":{"uv":[3.28126,13.5,3.0,13.8125],"rotation":270,"texture":"#0","tintindex":0}}},{"from":[8.993665,5.295493,9.188929],"to":[9.85795,5.9869213,9.688929],"rotation":{"angle":-22.5,"axis":"z","origin":[8.0,3.809,9.510357]},"faces":{"east":{"uv":[14.0,11.25,14.28126,11.5],"rotation":0,"texture":"#0","tintindex":0},"south":{"uv":[14.0,7.75,14.3125,8.0],"rotation":0,"texture":"#0","tintindex":0},"north":{"uv":[14.3125,7.75,14.0,8.0],"rotation":0,"texture":"#0","tintindex":0},"west":{"uv":[14.0,11.5,14.28126,11.75],"rotation":0,"texture":"#0","tintindex":0},"up":{"uv":[1.28126,13.8125,1.0,13.5],"rotation":90,"texture":"#0","tintindex":0},"down":{"uv":[1.78126,13.5,1.5,13.8125],"rotation":270,"texture":"#0","tintindex":0}}},{"from":[8.08385,6.2006855,9.188214],"to":[8.949564,6.893543,9.689643],"rotation":{"angle":-45.0,"axis":"z","origin":[8.0,3.809,9.510357]},"faces":{"east":{"uv":[14.0,10.75,14.28126,11.0],"rotation":0,"texture":"#0","tintindex":0},"south":{"uv":[14.0,3.75,14.3125,4.0],"rotation":0,"texture":"#0","tintindex":0},"north":{"uv":[14.3125,3.75,14.0,4.0],"rotation":0,"texture":"#0","tintindex":0},"west":{"uv":[14.0,11.0,14.28126,11.25],"rotation":0,"texture":"#0","tintindex":0},"up":{"uv":[13.53126,13.3125,13.25,13.0],"rotation":90,"texture":"#0","tintindex":0},"down":{"uv":[0.28126,13.5,0.0,13.8125],"rotation":270,"texture":"#0","tintindex":0}}},{"from":[7.0504355,6.2006855,9.188214],"to":[7.91615,6.893543,9.689643],"rotation":{"angle":45.0,"axis":"z","origin":[8.0,3.809,9.510357]},"faces":{"east":{"uv":[14.28126,11.0,14.0,11.25],"rotation":0,"texture":"#0","tintindex":0},"south":{"uv":[14.3125,3.75,14.0,4.0],"rotation":0,"texture":"#0","tintindex":0},"north":{"uv":[14.0,3.75,14.3125,4.0],"rotation":0,"texture":"#0","tintindex":0},"west":{"uv":[14.28126,10.75,14.0,11.0],"rotation":0,"texture":"#0","tintindex":0},"up":{"uv":[13.53126,13.0,13.25,13.3125],"rotation":90,"texture":"#0","tintindex":0},"down":{"uv":[0.28126,13.8125,0.0,13.5],"rotation":270,"texture":"#0","tintindex":0}}},{"from":[9.98725,5.3186502,9.188929],"to":[10.851536,6.1829357,9.688929],"rotation":{"angle":0.0,"axis":"y","origin":[8.0,3.809,9.510357]},"faces":{"east":{"uv":[13.25,9.5,13.53126,9.8125],"rotation":0,"texture":"#0","tintindex":0},"south":{"uv":[1.0,13.0,1.3125,13.3125],"rotation":0,"texture":"#0","tintindex":0},"north":{"uv":[1.3125,13.0,1.0,13.3125],"rotation":0,"texture":"#0","tintindex":0},"west":{"uv":[10.75,13.25,11.03126,13.5625],"rotation":0,"texture":"#0","tintindex":0},"up":{"uv":[11.53126,13.5625,11.25,13.25],"rotation":90,"texture":"#0","tintindex":0},"down":{"uv":[13.53126,12.5,13.25,12.8125],"rotation":270,"texture":"#0","tintindex":0}}},{"from":[10.678729,4.9110713,9.189],"to":[11.542871,5.9480715,9.688857],"rotation":{"angle":22.5,"axis":"z","origin":[8.0,3.809,9.510357]},"faces":{"east":{"uv":[8.0,12.75,8.28126,13.125],"rotation":0,"texture":"#0","tintindex":0},"south":{"uv":[6.75,12.25,7.0625,12.625],"rotation":0,"texture":"#0","tintindex":0},"north":{"uv":[7.0625,12.25,6.75,12.625],"rotation":0,"texture":"#0","tintindex":0},"west":{"uv":[12.75,8.25,13.03126,8.625],"rotation":0,"texture":"#0","tintindex":0},"up":{"uv":[5.28126,13.5625,5.0,13.25],"rotation":90,"texture":"#0","tintindex":0},"down":{"uv":[13.53126,5.0,13.25,5.3125],"rotation":270,"texture":"#0","tintindex":0}}},{"from":[9.656143,6.8103786,9.188929],"to":[10.520429,10.094665,9.688929],"rotation":{"angle":0.0,"axis":"y","origin":[8.0,3.809,9.510357]},"faces":{"east":{"uv":[9.5,1.5,9.78126,2.65626],"rotation":0,"texture":"#0","tintindex":0},"south":{"uv":[1.5,9.0,1.8125,10.15626],"rotation":0,"texture":"#0","tintindex":0},"north":{"uv":[1.8125,9.0,1.5,10.15626],"rotation":0,"texture":"#0","tintindex":0},"west":{"uv":[9.5,7.75,9.78126,8.90626],"rotation":0,"texture":"#0","tintindex":0},"up":{"uv":[14.03126,4.3125,13.75,4.0],"rotation":90,"texture":"#0","tintindex":0},"down":{"uv":[4.78126,13.75,4.5,14.0625],"rotation":270,"texture":"#0","tintindex":0}}},{"from":[7.9425716,0.38252115,9.438929],"to":[12.091143,17.236809,9.438929],"rotation":{"angle":0.0,"axis":"y","origin":[8.0,3.809,9.510357]},"faces":{"east":{"uv":[0.5,11.0,0.53126,16.90626],"rotation":0,"texture":"#5","tintindex":0},"south":{"uv":[1.40626,0.125,0.03126,6.03126],"rotation":0,"texture":"#5","tintindex":0},"north":{"uv":[0.03126,0.125,1.40626,6.03126],"rotation":0,"texture":"#5","tintindex":0},"west":{"uv":[0.75,11.0,0.78126,16.90626],"rotation":0,"texture":"#5","tintindex":0},"up":{"uv":[10.53126,16.3125,10.5,13.5],"rotation":90,"texture":"#5","tintindex":0},"down":{"uv":[13.78126,6.5,13.75,9.3125],"rotation":270,"texture":"#5","tintindex":0}}},{"from":[3.837428,0.38252115,9.438929],"to":[7.986,17.236809,9.438929],"rotation":{"angle":0.0,"axis":"y","origin":[8.0,3.809,9.510357]},"faces":{"east":{"uv":[0.78126,11.0,0.75,16.90626],"rotation":0,"texture":"#5","tintindex":0},"south":{"uv":[0.03126,0.125,1.40626,6.03126],"rotation":0,"texture":"#5","tintindex":0},"north":{"uv":[1.40626,0.125,0.03126,6.03126],"rotation":0,"texture":"#5","tintindex":0},"west":{"uv":[0.53126,11.0,0.5,16.90626],"rotation":0,"texture":"#5","tintindex":0},"up":{"uv":[10.53126,13.5,10.5,16.3125],"rotation":90,"texture":"#5","tintindex":0},"down":{"uv":[13.78126,9.3125,13.75,6.5],"rotation":270,"texture":"#5","tintindex":0}}},{"from":[7.1253715,10.250693,9.189643],"to":[7.988229,11.199979,9.688214],"rotation":{"angle":-22.5,"axis":"z","origin":[8.0,3.809,9.510357]},"faces":{"east":{"uv":[3.5,13.25,3.78126,13.59376],"rotation":0,"texture":"#0","tintindex":0},"south":{"uv":[7.0,12.75,7.3125,13.09376],"rotation":0,"texture":"#0","tintindex":0},"north":{"uv":[7.3125,12.75,7.0,13.09376],"rotation":0,"texture":"#0","tintindex":0},"west":{"uv":[4.0,13.25,4.28126,13.59376],"rotation":0,"texture":"#0","tintindex":0},"up":{"uv":[5.28126,14.0625,5.0,13.75],"rotation":90,"texture":"#0","tintindex":0},"down":{"uv":[14.03126,5.0,13.75,5.3125],"rotation":270,"texture":"#0","tintindex":0}}},{"from":[7.124657,11.200693,9.188929],"to":[8.59395,11.805693,9.688929],"rotation":{"angle":-22.5,"axis":"z","origin":[8.0,3.809,9.510357]},"faces":{"east":{"uv":[14.25,6.0,14.53126,6.21876],"rotation":0,"texture":"#0","tintindex":0},"south":{"uv":[12.5,12.25,13.0,12.46876],"rotation":0,"texture":"#0","tintindex":0},"north":{"uv":[13.0,12.25,12.5,12.46876],"rotation":0,"texture":"#0","tintindex":0},"west":{"uv":[6.25,14.25,6.53126,14.46876],"rotation":0,"texture":"#0","tintindex":0},"up":{"uv":[6.28126,12.25,6.0,11.75],"rotation":90,"texture":"#0","tintindex":0},"down":{"uv":[12.03126,6.25,11.75,6.75],"rotation":270,"texture":"#0","tintindex":0}}},{"from":[8.927443,3.8281999,9.188857],"to":[9.791872,4.519771,9.689],"rotation":{"angle":-22.5,"axis":"z","origin":[8.0,3.809,9.510357]},"faces":{"east":{"uv":[14.0,12.0,14.28126,12.25],"rotation":0,"texture":"#0","tintindex":0},"south":{"uv":[14.0,8.75,14.3125,9.0],"rotation":0,"texture":"#0","tintindex":0},"north":{"uv":[9.0,14.0,9.3125,14.25],"rotation":0,"texture":"#0","tintindex":0},"west":{"uv":[12.25,14.0,12.53126,14.25],"rotation":0,"texture":"#0","tintindex":0},"up":{"uv":[9.78126,13.8125,9.5,13.5],"rotation":90,"texture":"#0","tintindex":0},"down":{"uv":[10.28126,13.5,10.0,13.8125],"rotation":270,"texture":"#0","tintindex":0}}},{"from":[6.357857,1.9161425,9.188929],"to":[7.135714,3.471857,9.688929],"rotation":{"angle":0.0,"axis":"y","origin":[8.0,3.809,9.510357]},"faces":{"east":{"uv":[9.28126,11.5,9.0,12.03126],"rotation":0,"texture":"#0","tintindex":0},"south":{"uv":[8.78126,11.5,8.5,12.03126],"rotation":0,"texture":"#0","tintindex":0},"north":{"uv":[9.78126,11.5,9.5,12.03126],"rotation":0,"texture":"#0","tintindex":0},"west":{"uv":[8.28126,11.5,8.0,12.03126],"rotation":0,"texture":"#0","tintindex":0},"up":{"uv":[0.28126,14.0,0.0,14.28126],"rotation":90,"texture":"#0","tintindex":0},"down":{"uv":[1.28126,14.28126,1.0,14.0],"rotation":270,"texture":"#0","tintindex":0}}},{"from":[6.2081285,3.8281999,9.188857],"to":[7.072557,4.519771,9.689],"rotation":{"angle":22.5,"axis":"z","origin":[8.0,3.809,9.510357]},"faces":{"east":{"uv":[12.53126,14.0,12.25,14.25],"rotation":0,"texture":"#0","tintindex":0},"south":{"uv":[14.3125,8.75,14.0,9.0],"rotation":0,"texture":"#0","tintindex":0},"north":{"uv":[9.3125,14.0,9.0,14.25],"rotation":0,"texture":"#0","tintindex":0},"west":{"uv":[14.28126,12.0,14.0,12.25],"rotation":0,"texture":"#0","tintindex":0},"up":{"uv":[9.78126,13.5,9.5,13.8125],"rotation":90,"texture":"#0","tintindex":0},"down":{"uv":[10.28126,13.8125,10.0,13.5],"rotation":270,"texture":"#0","tintindex":0}}},{"from":[6.550707,4.820464,9.188857],"to":[7.415136,5.6848927,9.689],"rotation":{"angle":45.0,"axis":"z","origin":[8.0,3.809,9.510357]},"faces":{"east":{"uv":[14.28126,11.75,14.0,12.0],"rotation":0,"texture":"#0","tintindex":0},"south":{"uv":[2.8125,13.0,2.5,13.3125],"rotation":0,"texture":"#0","tintindex":0},"north":{"uv":[2.5,13.0,2.8125,13.3125],"rotation":0,"texture":"#0","tintindex":0},"west":{"uv":[13.78126,3.0,13.5,3.3125],"rotation":0,"texture":"#0","tintindex":0},"up":{"uv":[13.78126,4.5,13.5,4.8125],"rotation":90,"texture":"#0","tintindex":0},"down":{"uv":[13.78126,5.8125,13.5,5.5],"rotation":270,"texture":"#0","tintindex":0}}},{"from":[5.6489,4.110721,9.189],"to":[6.513043,4.8020067,9.688857],"rotation":{"angle":0.0,"axis":"y","origin":[8.0,3.809,9.510357]},"faces":{"east":{"uv":[14.28126,11.75,14.0,12.0],"rotation":0,"texture":"#0","tintindex":0},"south":{"uv":[14.3125,8.25,14.0,8.5],"rotation":0,"texture":"#0","tintindex":0},"north":{"uv":[14.0,8.25,14.3125,8.5],"rotation":0,"texture":"#0","tintindex":0},"west":{"uv":[12.03126,14.0,11.75,14.25],"rotation":0,"texture":"#0","tintindex":0},"up":{"uv":[2.78126,13.5,2.5,13.8125],"rotation":90,"texture":"#0","tintindex":0},"down":{"uv":[3.28126,13.8125,3.0,13.5],"rotation":270,"texture":"#0","tintindex":0}}},{"from":[6.14205,5.295493,9.188929],"to":[7.0063357,5.9869213,9.688929],"rotation":{"angle":22.5,"axis":"z","origin":[8.0,3.809,9.510357]},"faces":{"east":{"uv":[14.28126,11.75,14.0,12.0],"rotation":0,"texture":"#0","tintindex":0},"south":{"uv":[14.3125,7.75,14.0,8.0],"rotation":0,"texture":"#0","tintindex":0},"north":{"uv":[14.0,7.75,14.3125,8.0],"rotation":0,"texture":"#0","tintindex":0},"west":{"uv":[14.28126,11.25,14.0,11.5],"rotation":0,"texture":"#0","tintindex":0},"up":{"uv":[1.28126,13.5,1.0,13.8125],"rotation":90,"texture":"#0","tintindex":0},"down":{"uv":[1.78126,13.8125,1.5,13.5],"rotation":270,"texture":"#0","tintindex":0}}},{"from":[5.148464,5.3186502,9.188929],"to":[6.0127497,6.1829357,9.688929],"rotation":{"angle":0.0,"axis":"y","origin":[8.0,3.809,9.510357]},"faces":{"east":{"uv":[11.03126,13.25,10.75,13.5625],"rotation":0,"texture":"#0","tintindex":0},"south":{"uv":[1.3125,13.0,1.0,13.3125],"rotation":0,"texture":"#0","tintindex":0},"north":{"uv":[1.0,13.0,1.3125,13.3125],"rotation":0,"texture":"#0","tintindex":0},"west":{"uv":[13.53126,9.5,13.25,9.8125],"rotation":0,"texture":"#0","tintindex":0},"up":{"uv":[11.53126,13.25,11.25,13.5625],"rotation":90,"texture":"#0","tintindex":0},"down":{"uv":[13.53126,12.8125,13.25,12.5],"rotation":270,"texture":"#0","tintindex":0}}},{"from":[4.4571285,4.9110713,9.189],"to":[5.321271,5.9480715,9.688857],"rotation":{"angle":-22.5,"axis":"z","origin":[8.0,3.809,9.510357]},"faces":{"east":{"uv":[13.03126,8.25,12.75,8.625],"rotation":0,"texture":"#0","tintindex":0},"south":{"uv":[7.0625,12.25,6.75,12.625],"rotation":0,"texture":"#0","tintindex":0},"north":{"uv":[6.75,12.25,7.0625,12.625],"rotation":0,"texture":"#0","tintindex":0},"west":{"uv":[8.28126,12.75,8.0,13.125],"rotation":0,"texture":"#0","tintindex":0},"up":{"uv":[5.28126,13.25,5.0,13.5625],"rotation":90,"texture":"#0","tintindex":0},"down":{"uv":[13.53126,5.3125,13.25,5.0],"rotation":270,"texture":"#0","tintindex":0}}},{"from":[8.011771,10.250693,9.189643],"to":[8.874629,11.199979,9.688214],"rotation":{"angle":22.5,"axis":"z","origin":[8.0,3.809,9.510357]},"faces":{"east":{"uv":[4.28126,13.25,4.0,13.59376],"rotation":0,"texture":"#0","tintindex":0},"south":{"uv":[7.3125,12.75,7.0,13.09376],"rotation":0,"texture":"#0","tintindex":0},"north":{"uv":[7.0,12.75,7.3125,13.09376],"rotation":0,"texture":"#0","tintindex":0},"west":{"uv":[3.78126,13.25,3.5,13.59376],"rotation":0,"texture":"#0","tintindex":0},"up":{"uv":[5.28126,13.75,5.0,14.0625],"rotation":90,"texture":"#0","tintindex":0},"down":{"uv":[14.03126,5.3125,13.75,5.0],"rotation":270,"texture":"#0","tintindex":0}}},{"from":[5.4795713,6.8103786,9.188929],"to":[6.343857,10.094665,9.688929],"rotation":{"angle":0.0,"axis":"y","origin":[8.0,3.809,9.510357]},"faces":{"east":{"uv":[9.78126,7.75,9.5,8.90626],"rotation":0,"texture":"#0","tintindex":0},"south":{"uv":[1.8125,9.0,1.5,10.15626],"rotation":0,"texture":"#0","tintindex":0},"north":{"uv":[1.5,9.0,1.8125,10.15626],"rotation":0,"texture":"#0","tintindex":0},"west":{"uv":[9.78126,1.5,9.5,2.65626],"rotation":0,"texture":"#0","tintindex":0},"up":{"uv":[14.03126,4.0,13.75,4.3125],"rotation":90,"texture":"#0","tintindex":0},"down":{"uv":[4.78126,14.0625,4.5,13.75],"rotation":270,"texture":"#0","tintindex":0}}},{"from":[7.4060497,11.200693,9.188929],"to":[8.875343,11.805693,9.688929],"rotation":{"angle":22.5,"axis":"z","origin":[8.0,3.809,9.510357]},"faces":{"east":{"uv":[6.53126,14.25,6.25,14.46876],"rotation":0,"texture":"#0","tintindex":0},"south":{"uv":[13.0,12.25,12.5,12.46876],"rotation":0,"texture":"#0","tintindex":0},"north":{"uv":[12.5,12.25,13.0,12.46876],"rotation":0,"texture":"#0","tintindex":0},"west":{"uv":[14.53126,6.0,14.25,6.21876],"rotation":0,"texture":"#0","tintindex":0},"up":{"uv":[6.28126,11.75,6.0,12.25],"rotation":90,"texture":"#0","tintindex":0},"down":{"uv":[12.03126,6.75,11.75,6.25],"rotation":270,"texture":"#0","tintindex":0}}},{"from":[10.139722,10.969765,9.189],"to":[11.608865,11.833907,9.688857],"rotation":{"angle":0.0,"axis":"y","origin":[8.0,3.809,9.510357]},"faces":{"east":{"uv":[5.5,13.25,5.78126,13.5625],"rotation":0,"texture":"#0","tintindex":0},"south":{"uv":[5.5,11.25,6.0,11.5625],"rotation":0,"texture":"#0","tintindex":0},"north":{"uv":[6.0,11.25,5.5,11.5625],"rotation":0,"texture":"#0","tintindex":0},"west":{"uv":[6.0,13.25,6.28126,13.5625],"rotation":0,"texture":"#0","tintindex":0},"up":{"uv":[12.03126,3.0,11.75,2.5],"rotation":90,"texture":"#0","tintindex":0},"down":{"uv":[4.28126,11.75,4.0,12.25],"rotation":270,"texture":"#0","tintindex":0}}},{"from":[9.920743,12.070208,9.188929],"to":[11.3036,13.366636,9.688929],"rotation":{"angle":0.0,"axis":"y","origin":[8.0,3.809,9.510357]},"faces":{"east":{"uv":[11.75,9.25,12.03126,9.71876],"rotation":0,"texture":"#0","tintindex":0},"south":{"uv":[10.0,8.75,10.46876,9.21876],"rotation":0,"texture":"#0","tintindex":0},"north":{"uv":[10.46876,8.75,10.0,9.21876],"rotation":0,"texture":"#0","tintindex":0},"west":{"uv":[10.0,11.75,10.28126,12.21876],"rotation":0,"texture":"#0","tintindex":0},"up":{"uv":[12.03126,10.46876,11.75,10.0],"rotation":90,"texture":"#0","tintindex":0},"down":{"uv":[10.78126,11.75,10.5,12.21876],"rotation":270,"texture":"#0","tintindex":0}}},{"from":[6.11705,13.3742075,9.189],"to":[7.413343,14.670493,9.688857],"rotation":{"angle":-22.5,"axis":"z","origin":[8.0,3.809,9.510357]},"faces":{"east":{"uv":[12.03126,9.25,11.75,9.71876],"rotation":0,"texture":"#0","tintindex":0},"south":{"uv":[10.0,9.75,10.46876,10.21876],"rotation":0,"texture":"#0","tintindex":0},"north":{"uv":[10.46876,9.75,10.0,10.21876],"rotation":0,"texture":"#0","tintindex":0},"west":{"uv":[1.0,12.0,1.28126,12.46876],"rotation":0,"texture":"#0","tintindex":0},"up":{"uv":[1.78126,12.46876,1.5,12.0],"rotation":90,"texture":"#0","tintindex":0},"down":{"uv":[3.03126,12.0,2.75,12.46876],"rotation":270,"texture":"#0","tintindex":0}}},{"from":[2.1037784,13.1231785,9.188929],"to":[3.3137784,14.419607,9.688929],"rotation":{"angle":-45.0,"axis":"z","origin":[8.0,3.809,9.510357]},"faces":{"east":{"uv":[12.03126,9.25,11.75,9.71876],"rotation":0,"texture":"#0","tintindex":0},"south":{"uv":[0.0,10.5,0.4375,10.96876],"rotation":0,"texture":"#0","tintindex":0},"north":{"uv":[0.4375,10.5,0.0,10.96876],"rotation":0,"texture":"#0","tintindex":0},"west":{"uv":[3.25,12.0,3.53126,12.46876],"rotation":0,"texture":"#0","tintindex":0},"up":{"uv":[5.03126,12.6875,4.75,12.25],"rotation":90,"texture":"#0","tintindex":0},"down":{"uv":[12.53126,5.0,12.25,5.4375],"rotation":270,"texture":"#0","tintindex":0}}},{"from":[15.547251,12.194043,9.189643],"to":[16.842258,13.316186,9.688214],"rotation":{"angle":22.5,"axis":"z","origin":[8.0,3.809,9.510357]},"faces":{"east":{"uv":[2.5,12.5,2.78126,12.90626],"rotation":0,"texture":"#0","tintindex":0},"south":{"uv":[10.75,6.25,11.21876,6.65626],"rotation":0,"texture":"#0","tintindex":0},"north":{"uv":[11.21876,6.25,10.75,6.65626],"rotation":0,"texture":"#0","tintindex":0},"west":{"uv":[3.0,12.5,3.28126,12.90626],"rotation":0,"texture":"#0","tintindex":0},"up":{"uv":[12.28126,3.96876,12.0,3.5],"rotation":90,"texture":"#0","tintindex":0},"down":{"uv":[12.28126,5.75,12.0,6.21876],"rotation":270,"texture":"#0","tintindex":0}}},{"from":[-0.94646454,14.6619005,9.271071],"to":[1.0504141,15.767672,9.671072],"rotation":{"angle":-45.0,"axis":"z","origin":[8.0,3.809,9.510357]},"faces":{"east":{"uv":[9.0,12.75,9.3125,13.0625],"rotation":0,"texture":"#0","tintindex":0},"south":{"uv":[0.5,10.5,1.15626,10.8125],"rotation":0,"texture":"#0","tintindex":0},"north":{"uv":[1.15626,10.5,0.5,10.8125],"rotation":0,"texture":"#0","tintindex":0},"west":{"uv":[12.75,9.25,13.0625,9.5625],"rotation":0,"texture":"#0","tintindex":0},"up":{"uv":[7.3125,11.15626,7.0,10.5],"rotation":90,"texture":"#0","tintindex":0},"down":{"uv":[7.8125,10.5,7.5,11.15626],"rotation":270,"texture":"#0","tintindex":0}}},{"from":[9.38205,17.414679,9.271143],"to":[10.151371,18.598858,9.671],"rotation":{"angle":0.0,"axis":"y","origin":[8.0,3.3804283,9.510357]},"faces":{"east":{"uv":[8.5,13.75,8.71876,14.125],"rotation":0,"texture":"#0","tintindex":0},"south":{"uv":[8.5,13.75,8.71876,14.125],"rotation":0,"texture":"#0","tintindex":0},"north":{"uv":[8.71876,13.75,8.5,14.125],"rotation":0,"texture":"#0","tintindex":0},"west":{"uv":[8.71876,13.75,8.5,14.125],"rotation":0,"texture":"#0","tintindex":0},"up":{"uv":[2.3125,14.46876,2.0,14.25],"rotation":90,"texture":"#0","tintindex":0},"down":{"uv":[14.5625,2.0,14.25,2.21876],"rotation":270,"texture":"#0","tintindex":0}}},{"from":[5.8486285,17.414679,9.271143],"to":[6.61795,18.598858,9.671],"rotation":{"angle":0.0,"axis":"y","origin":[8.0,3.3804283,9.510357]},"faces":{"east":{"uv":[8.5,13.75,8.71876,14.125],"rotation":0,"texture":"#0","tintindex":0},"south":{"uv":[8.71876,13.75,8.5,14.125],"rotation":0,"texture":"#0","tintindex":0},"north":{"uv":[8.5,13.75,8.71876,14.125],"rotation":0,"texture":"#0","tintindex":0},"west":{"uv":[8.71876,13.75,8.5,14.125],"rotation":0,"texture":"#0","tintindex":0},"up":{"uv":[2.3125,14.25,2.0,14.46876],"rotation":90,"texture":"#0","tintindex":0},"down":{"uv":[14.5625,2.21876,14.25,2.0],"rotation":270,"texture":"#0","tintindex":0}}},{"from":[14.949586,14.6619005,9.271071],"to":[16.946465,15.767672,9.671072],"rotation":{"angle":45.0,"axis":"z","origin":[8.0,3.809,9.510357]},"faces":{"east":{"uv":[13.0625,9.25,12.75,9.5625],"rotation":0,"texture":"#0","tintindex":0},"south":{"uv":[1.15626,10.5,0.5,10.8125],"rotation":0,"texture":"#0","tintindex":0},"north":{"uv":[0.5,10.5,1.15626,10.8125],"rotation":0,"texture":"#0","tintindex":0},"west":{"uv":[9.3125,12.75,9.0,13.0625],"rotation":0,"texture":"#0","tintindex":0},"up":{"uv":[7.3125,10.5,7.0,11.15626],"rotation":90,"texture":"#0","tintindex":0},"down":{"uv":[7.8125,11.15626,7.5,10.5],"rotation":270,"texture":"#0","tintindex":0}}},{"from":[5.696407,16.495258,9.271143],"to":[6.2666926,17.707901,9.671],"rotation":{"angle":-22.5,"axis":"z","origin":[8.0,3.809,9.510357]},"faces":{"east":{"uv":[10.75,12.75,11.0625,13.0625],"rotation":0,"texture":"#0","tintindex":0},"south":{"uv":[14.25,7.0,14.4375,7.3125],"rotation":0,"texture":"#0","tintindex":0},"north":{"uv":[14.4375,7.0,14.25,7.3125],"rotation":0,"texture":"#0","tintindex":0},"west":{"uv":[11.25,12.75,11.5625,13.0625],"rotation":0,"texture":"#0","tintindex":0},"up":{"uv":[7.8125,14.4375,7.5,14.25],"rotation":90,"texture":"#0","tintindex":0},"down":{"uv":[8.3125,14.25,8.0,14.4375],"rotation":270,"texture":"#0","tintindex":0}}},{"from":[1.079793,14.678836,9.271071],"to":[1.6415782,15.986692,9.671072],"rotation":{"angle":-45.0,"axis":"z","origin":[8.0,3.809,9.510357]},"faces":{"east":{"uv":[12.75,4.0,13.0625,4.34376],"rotation":0,"texture":"#0","tintindex":0},"south":{"uv":[3.5,14.25,3.6875,14.59376],"rotation":0,"texture":"#0","tintindex":0},"north":{"uv":[3.6875,14.25,3.5,14.59376],"rotation":0,"texture":"#0","tintindex":0},"west":{"uv":[4.5,12.75,4.8125,13.09376],"rotation":0,"texture":"#0","tintindex":0},"up":{"uv":[14.5625,9.6875,14.25,9.5],"rotation":90,"texture":"#0","tintindex":0},"down":{"uv":[14.5625,9.75,14.25,9.9375],"rotation":270,"texture":"#0","tintindex":0}}},{"from":[15.439014,13.4648,9.271786],"to":[16.816744,14.342907,9.670357],"rotation":{"angle":22.5,"axis":"z","origin":[8.0,3.809,9.510357]},"faces":{"east":{"uv":[13.25,7.0,13.5625,7.28126],"rotation":0,"texture":"#0","tintindex":0},"south":{"uv":[13.0,11.25,13.34376,11.53126],"rotation":0,"texture":"#0","tintindex":0},"north":{"uv":[13.34376,11.25,13.0,11.53126],"rotation":0,"texture":"#0","tintindex":0},"west":{"uv":[7.5,13.25,7.8125,13.53126],"rotation":0,"texture":"#0","tintindex":0},"up":{"uv":[13.0625,4.84376,12.75,4.5],"rotation":90,"texture":"#0","tintindex":0},"down":{"uv":[5.3125,12.75,5.0,13.09376],"rotation":270,"texture":"#0","tintindex":0}}},{"from":[7.383314,15.899786,9.181786],"to":[8.071958,16.957644,9.706786],"rotation":{"angle":-22.5,"axis":"z","origin":[8.0,3.809,9.510357]},"faces":{"east":{"uv":[8.25,12.25,8.5625,12.625],"rotation":0,"texture":"#0","tintindex":0},"south":{"uv":[1.25,9.75,1.5,10.125],"rotation":0,"texture":"#0","tintindex":0},"north":{"uv":[1.5,9.75,1.25,10.125],"rotation":0,"texture":"#0","tintindex":0},"west":{"uv":[12.25,8.25,12.5625,8.625],"rotation":0,"texture":"#0","tintindex":0},"up":{"uv":[3.3125,14.25,3.0,14.0],"rotation":90,"texture":"#0","tintindex":0},"down":{"uv":[14.3125,3.0,14.0,3.25],"rotation":270,"texture":"#0","tintindex":0}}},{"from":[1.9328427,14.388914,9.271143],"to":[2.811864,15.767929,9.671],"rotation":{"angle":-45.0,"axis":"z","origin":[8.0,3.809,9.510357]},"faces":{"east":{"uv":[12.75,5.0,13.0625,5.34376],"rotation":0,"texture":"#0","tintindex":0},"south":{"uv":[13.0,11.75,13.28126,12.09376],"rotation":0,"texture":"#0","tintindex":0},"north":{"uv":[13.0,11.75,13.28126,12.09376],"rotation":0,"texture":"#0","tintindex":0},"west":{"uv":[5.5,12.75,5.8125,13.09376],"rotation":0,"texture":"#0","tintindex":0},"up":{"uv":[13.5625,7.78126,13.25,7.5],"rotation":90,"texture":"#0","tintindex":0},"down":{"uv":[8.3125,13.25,8.0,13.53126],"rotation":270,"texture":"#0","tintindex":0}}},{"from":[7.928043,15.899786,9.181786],"to":[8.616686,16.957644,9.706786],"rotation":{"angle":22.5,"axis":"z","origin":[8.0,3.809,9.510357]},"faces":{"east":{"uv":[12.5625,8.25,12.25,8.625],"rotation":0,"texture":"#0","tintindex":0},"south":{"uv":[1.5,9.75,1.25,10.125],"rotation":0,"texture":"#0","tintindex":0},"north":{"uv":[1.25,9.75,1.5,10.125],"rotation":0,"texture":"#0","tintindex":0},"west":{"uv":[8.5625,12.25,8.25,12.625],"rotation":0,"texture":"#0","tintindex":0},"up":{"uv":[3.3125,14.0,3.0,14.25],"rotation":90,"texture":"#0","tintindex":0},"down":{"uv":[14.3125,3.25,14.0,3.0],"rotation":270,"texture":"#0","tintindex":0}}},{"from":[13.188136,14.388914,9.271143],"to":[14.067158,15.767929,9.671],"rotation":{"angle":45.0,"axis":"z","origin":[8.0,3.809,9.510357]},"faces":{"east":{"uv":[5.8125,12.75,5.5,13.09376],"rotation":0,"texture":"#0","tintindex":0},"south":{"uv":[13.28126,11.75,13.0,12.09376],"rotation":0,"texture":"#0","tintindex":0},"north":{"uv":[13.28126,11.75,13.0,12.09376],"rotation":0,"texture":"#0","tintindex":0},"west":{"uv":[13.0625,5.0,12.75,5.34376],"rotation":0,"texture":"#0","tintindex":0},"up":{"uv":[13.5625,7.5,13.25,7.78126],"rotation":90,"texture":"#0","tintindex":0},"down":{"uv":[8.3125,13.53126,8.0,13.25],"rotation":270,"texture":"#0","tintindex":0}}},{"from":[-0.81674385,13.4648,9.271786],"to":[0.5609851,14.342907,9.670357],"rotation":{"angle":-22.5,"axis":"z","origin":[8.0,3.809,9.510357]},"faces":{"east":{"uv":[7.8125,13.25,7.5,13.53126],"rotation":0,"texture":"#0","tintindex":0},"south":{"uv":[13.34376,11.25,13.0,11.53126],"rotation":0,"texture":"#0","tintindex":0},"north":{"uv":[13.0,11.25,13.34376,11.53126],"rotation":0,"texture":"#0","tintindex":0},"west":{"uv":[13.5625,7.0,13.25,7.28126],"rotation":0,"texture":"#0","tintindex":0},"up":{"uv":[13.0625,4.5,12.75,4.84376],"rotation":90,"texture":"#0","tintindex":0},"down":{"uv":[5.3125,13.09376,5.0,12.75],"rotation":270,"texture":"#0","tintindex":0}}},{"from":[14.358421,14.678836,9.271071],"to":[14.920207,15.986692,9.671072],"rotation":{"angle":45.0,"axis":"z","origin":[8.0,3.809,9.510357]},"faces":{"east":{"uv":[4.8125,12.75,4.5,13.09376],"rotation":0,"texture":"#0","tintindex":0},"south":{"uv":[3.6875,14.25,3.5,14.59376],"rotation":0,"texture":"#0","tintindex":0},"north":{"uv":[3.5,14.25,3.6875,14.59376],"rotation":0,"texture":"#0","tintindex":0},"west":{"uv":[13.0625,4.0,12.75,4.34376],"rotation":0,"texture":"#0","tintindex":0},"up":{"uv":[14.5625,9.5,14.25,9.6875],"rotation":90,"texture":"#0","tintindex":0},"down":{"uv":[14.5625,9.9375,14.25,9.75],"rotation":270,"texture":"#0","tintindex":0}}},{"from":[9.733307,16.495258,9.271143],"to":[10.303593,17.707901,9.671],"rotation":{"angle":22.5,"axis":"z","origin":[8.0,3.809,9.510357]},"faces":{"east":{"uv":[11.5625,12.75,11.25,13.0625],"rotation":0,"texture":"#0","tintindex":0},"south":{"uv":[14.4375,7.0,14.25,7.3125],"rotation":0,"texture":"#0","tintindex":0},"north":{"uv":[14.25,7.0,14.4375,7.3125],"rotation":0,"texture":"#0","tintindex":0},"west":{"uv":[11.0625,12.75,10.75,13.0625],"rotation":0,"texture":"#0","tintindex":0},"up":{"uv":[7.8125,14.25,7.5,14.4375],"rotation":90,"texture":"#0","tintindex":0},"down":{"uv":[8.3125,14.4375,8.0,14.25],"rotation":270,"texture":"#0","tintindex":0}}},{"from":[12.531322,14.13935,9.438929],"to":[14.73775,16.691494,9.438929],"rotation":{"angle":0.0,"axis":"y","origin":[8.0,3.809,9.510357]},"faces":{"east":{"uv":[0.0,0.0,0.0,0.90626],"rotation":0,"texture":"#0","tintindex":0},"south":{"uv":[1.0,8.0,1.78126,8.90626],"rotation":0,"texture":"#0","tintindex":0},"north":{"uv":[1.78126,8.0,1.0,8.90626],"rotation":0,"texture":"#0","tintindex":0},"west":{"uv":[0.0,0.0,0.0,0.90626],"rotation":0,"texture":"#0","tintindex":0},"up":{"uv":[0.0,0.78126,0.0,0.0],"rotation":90,"texture":"#0","tintindex":0},"down":{"uv":[0.0,0.0,0.0,0.78126],"rotation":270,"texture":"#0","tintindex":0}}},{"from":[1.26225,14.13935,9.438929],"to":[3.4686785,16.691494,9.438929],"rotation":{"angle":0.0,"axis":"y","origin":[8.0,3.809,9.510357]},"faces":{"east":{"uv":[0.0,0.0,0.0,0.90626],"rotation":0,"texture":"#0","tintindex":0},"south":{"uv":[1.78126,8.0,1.0,8.90626],"rotation":0,"texture":"#0","tintindex":0},"north":{"uv":[1.0,8.0,1.78126,8.90626],"rotation":0,"texture":"#0","tintindex":0},"west":{"uv":[0.0,0.0,0.0,0.90626],"rotation":0,"texture":"#0","tintindex":0},"up":{"uv":[0.0,0.0,0.0,0.78126],"rotation":90,"texture":"#0","tintindex":0},"down":{"uv":[0.0,0.78126,0.0,0.0],"rotation":270,"texture":"#0","tintindex":0}}},{"from":[7.8170357,17.13935,9.438929],"to":[10.309178,20.33435,9.438929],"rotation":{"angle":0.0,"axis":"y","origin":[7.428571,3.451857,9.510357]},"faces":{"east":{"uv":[0.0,0.0,0.0,0.90626],"rotation":0,"texture":"#0","tintindex":0},"south":{"uv":[3.5,8.25,4.28126,9.15626],"rotation":0,"texture":"#0","tintindex":0},"north":{"uv":[4.28126,8.25,3.5,9.15626],"rotation":0,"texture":"#0","tintindex":0},"west":{"uv":[0.0,0.0,0.0,0.90626],"rotation":0,"texture":"#0","tintindex":0},"up":{"uv":[0.0,0.78126,0.0,0.0],"rotation":90,"texture":"#0","tintindex":0},"down":{"uv":[0.0,0.0,0.0,0.78126],"rotation":270,"texture":"#0","tintindex":0}}},{"from":[5.6908216,17.13935,9.438929],"to":[8.182964,20.33435,9.438929],"rotation":{"angle":0.0,"axis":"y","origin":[8.571428,3.451857,9.510357]},"faces":{"east":{"uv":[0.0,0.0,0.0,0.90626],"rotation":0,"texture":"#0","tintindex":0},"south":{"uv":[4.28126,8.25,3.5,9.15626],"rotation":0,"texture":"#0","tintindex":0},"north":{"uv":[3.5,8.25,4.28126,9.15626],"rotation":0,"texture":"#0","tintindex":0},"west":{"uv":[0.0,0.0,0.0,0.90626],"rotation":0,"texture":"#0","tintindex":0},"up":{"uv":[0.0,0.0,0.0,0.78126],"rotation":90,"texture":"#0","tintindex":0},"down":{"uv":[0.0,0.78126,0.0,0.0],"rotation":270,"texture":"#0","tintindex":0}}},{"from":[12.531322,14.853636,9.188929],"to":[13.309179,15.977207,9.688929],"rotation":{"angle":0.0,"axis":"y","origin":[8.0,3.809,9.510357]},"faces":{"east":{"uv":[12.5,10.25,12.78126,10.65626],"rotation":0,"texture":"#0","tintindex":0},"south":{"uv":[12.5,10.75,12.78126,11.15626],"rotation":0,"texture":"#0","tintindex":0},"north":{"uv":[12.78126,10.75,12.5,11.15626],"rotation":0,"texture":"#0","tintindex":0},"west":{"uv":[12.5,11.25,12.78126,11.65626],"rotation":0,"texture":"#0","tintindex":0},"up":{"uv":[14.03126,13.28126,13.75,13.0],"rotation":90,"texture":"#0","tintindex":0},"down":{"uv":[14.03126,13.5,13.75,13.78126],"rotation":270,"texture":"#0","tintindex":0}}},{"from":[4.6963997,12.070208,9.188929],"to":[6.079257,13.366636,9.688929],"rotation":{"angle":0.0,"axis":"y","origin":[8.0,3.809,9.510357]},"faces":{"east":{"uv":[10.28126,11.75,10.0,12.21876],"rotation":0,"texture":"#0","tintindex":0},"south":{"uv":[10.46876,8.75,10.0,9.21876],"rotation":0,"texture":"#0","tintindex":0},"north":{"uv":[10.0,8.75,10.46876,9.21876],"rotation":0,"texture":"#0","tintindex":0},"west":{"uv":[12.03126,9.25,11.75,9.71876],"rotation":0,"texture":"#0","tintindex":0},"up":{"uv":[12.03126,10.0,11.75,10.46876],"rotation":90,"texture":"#0","tintindex":0},"down":{"uv":[10.78126,12.21876,10.5,11.75],"rotation":270,"texture":"#0","tintindex":0}}},{"from":[4.391135,10.969765,9.189],"to":[5.860278,11.833907,9.688857],"rotation":{"angle":0.0,"axis":"y","origin":[8.0,3.809,9.510357]},"faces":{"east":{"uv":[6.28126,13.25,6.0,13.5625],"rotation":0,"texture":"#0","tintindex":0},"south":{"uv":[6.0,11.25,5.5,11.5625],"rotation":0,"texture":"#0","tintindex":0},"north":{"uv":[5.5,11.25,6.0,11.5625],"rotation":0,"texture":"#0","tintindex":0},"west":{"uv":[5.78126,13.25,5.5,13.5625],"rotation":0,"texture":"#0","tintindex":0},"up":{"uv":[12.03126,2.5,11.75,3.0],"rotation":90,"texture":"#0","tintindex":0},"down":{"uv":[4.28126,12.25,4.0,11.75],"rotation":270,"texture":"#0","tintindex":0}}},{"from":[1.5954714,9.842751,9.189643],"to":[3.0633283,10.705607,9.688214],"rotation":{"angle":-22.5,"axis":"z","origin":[8.0,3.809,9.510357]},"faces":{"east":{"uv":[6.78126,13.25,6.5,13.5625],"rotation":0,"texture":"#0","tintindex":0},"south":{"uv":[11.75,6.25,11.25,6.5625],"rotation":0,"texture":"#0","tintindex":0},"north":{"uv":[11.25,6.25,11.75,6.5625],"rotation":0,"texture":"#0","tintindex":0},"west":{"uv":[13.53126,6.0,13.25,6.3125],"rotation":0,"texture":"#0","tintindex":0},"up":{"uv":[12.03126,4.25,11.75,4.75],"rotation":90,"texture":"#0","tintindex":0},"down":{"uv":[4.78126,12.25,4.5,11.75],"rotation":270,"texture":"#0","tintindex":0}}},{"from":[12.936672,9.842751,9.189643],"to":[14.404529,10.705607,9.688214],"rotation":{"angle":22.5,"axis":"z","origin":[8.0,3.809,9.510357]},"faces":{"east":{"uv":[13.25,6.0,13.53126,6.3125],"rotation":0,"texture":"#0","tintindex":0},"south":{"uv":[11.25,6.25,11.75,6.5625],"rotation":0,"texture":"#0","tintindex":0},"north":{"uv":[11.75,6.25,11.25,6.5625],"rotation":0,"texture":"#0","tintindex":0},"west":{"uv":[6.5,13.25,6.78126,13.5625],"rotation":0,"texture":"#0","tintindex":0},"up":{"uv":[12.03126,4.75,11.75,4.25],"rotation":90,"texture":"#0","tintindex":0},"down":{"uv":[4.78126,11.75,4.5,12.25],"rotation":270,"texture":"#0","tintindex":0}}},{"from":[8.586658,13.3742075,9.189],"to":[9.88295,14.670493,9.688857],"rotation":{"angle":22.5,"axis":"z","origin":[8.0,3.809,9.510357]},"faces":{"east":{"uv":[1.28126,12.0,1.0,12.46876],"rotation":0,"texture":"#0","tintindex":0},"south":{"uv":[10.46876,9.75,10.0,10.21876],"rotation":0,"texture":"#0","tintindex":0},"north":{"uv":[10.0,9.75,10.46876,10.21876],"rotation":0,"texture":"#0","tintindex":0},"west":{"uv":[12.03126,9.25,11.75,9.71876],"rotation":0,"texture":"#0","tintindex":0},"up":{"uv":[1.78126,12.0,1.5,12.46876],"rotation":90,"texture":"#0","tintindex":0},"down":{"uv":[3.03126,12.46876,2.75,12.0],"rotation":270,"texture":"#0","tintindex":0}}},{"from":[12.686222,13.1231785,9.188929],"to":[13.896221,14.419607,9.688929],"rotation":{"angle":45.0,"axis":"z","origin":[8.0,3.809,9.510357]},"faces":{"east":{"uv":[3.53126,12.0,3.25,12.46876],"rotation":0,"texture":"#0","tintindex":0},"south":{"uv":[0.4375,10.5,0.0,10.96876],"rotation":0,"texture":"#0","tintindex":0},"north":{"uv":[0.0,10.5,0.4375,10.96876],"rotation":0,"texture":"#0","tintindex":0},"west":{"uv":[12.03126,9.25,11.75,9.71876],"rotation":0,"texture":"#0","tintindex":0},"up":{"uv":[5.03126,12.25,4.75,12.6875],"rotation":90,"texture":"#0","tintindex":0},"down":{"uv":[12.53126,5.4375,12.25,5.0],"rotation":270,"texture":"#0","tintindex":0}}},{"from":[-0.8422575,12.194043,9.189643],"to":[0.45274973,13.316186,9.688214],"rotation":{"angle":-22.5,"axis":"z","origin":[8.0,3.809,9.510357]},"faces":{"east":{"uv":[3.28126,12.5,3.0,12.90626],"rotation":0,"texture":"#0","tintindex":0},"south":{"uv":[11.21876,6.25,10.75,6.65626],"rotation":0,"texture":"#0","tintindex":0},"north":{"uv":[10.75,6.25,11.21876,6.65626],"rotation":0,"texture":"#0","tintindex":0},"west":{"uv":[2.78126,12.5,2.5,12.90626],"rotation":0,"texture":"#0","tintindex":0},"up":{"uv":[12.28126,3.5,12.0,3.96876],"rotation":90,"texture":"#0","tintindex":0},"down":{"uv":[12.28126,6.21876,12.0,5.75],"rotation":270,"texture":"#0","tintindex":0}}},{"from":[2.6908212,14.853636,9.188929],"to":[3.4686785,15.977207,9.688929],"rotation":{"angle":0.0,"axis":"y","origin":[8.0,3.809,9.510357]},"faces":{"east":{"uv":[12.78126,11.25,12.5,11.65626],"rotation":0,"texture":"#0","tintindex":0},"south":{"uv":[12.78126,10.75,12.5,11.15626],"rotation":0,"texture":"#0","tintindex":0},"north":{"uv":[12.5,10.75,12.78126,11.15626],"rotation":0,"texture":"#0","tintindex":0},"west":{"uv":[12.78126,10.25,12.5,10.65626],"rotation":0,"texture":"#0","tintindex":0},"up":{"uv":[14.03126,13.0,13.75,13.28126],"rotation":90,"texture":"#0","tintindex":0},"down":{"uv":[14.03126,13.78126,13.75,13.5],"rotation":270,"texture":"#0","tintindex":0}}},{"from":[7.544286,-9.041716,8.868929],"to":[8.455714,0.40828562,9.923214],"rotation":{"angle":0.0,"axis":"y","origin":[8.0,5.880421,9.3675]},"faces":{"east":{"uv":[7.25,6.0,7.5625,8.59376],"rotation":0,"texture":"#0","tintindex":0},"south":{"uv":[7.5625,6.0,7.25,8.59376],"rotation":0,"texture":"#0","tintindex":0},"north":{"uv":[7.5625,6.0,7.25,8.59376],"rotation":0,"texture":"#0","tintindex":0},"west":{"uv":[7.25,6.0,7.5625,8.59376],"rotation":0,"texture":"#0","tintindex":0},"up":{"uv":[10.125,12.5625,9.75,12.25],"rotation":90,"texture":"#0","tintindex":0},"down":{"uv":[12.625,9.75,12.25,10.0625],"rotation":270,"texture":"#0","tintindex":0}}},{"from":[7.18,-0.9445715,8.634643],"to":[8.82,0.051142693,10.1575],"rotation":{"angle":0.0,"axis":"y","origin":[8.0,4.808993,9.3675]},"faces":{"east":{"uv":[5.75,10.75,6.3125,11.09376],"rotation":0,"texture":"#0","tintindex":0},"south":{"uv":[5.75,10.75,6.3125,11.09376],"rotation":0,"texture":"#0","tintindex":0},"north":{"uv":[5.75,10.75,6.3125,11.09376],"rotation":0,"texture":"#0","tintindex":0},"west":{"uv":[5.75,10.75,6.3125,11.09376],"rotation":0,"texture":"#0","tintindex":0},"up":{"uv":[10.03126,3.3125,9.5,2.75],"rotation":90,"texture":"#0","tintindex":0},"down":{"uv":[0.53126,9.75,0.0,10.3125],"rotation":270,"texture":"#0","tintindex":0}}},{"from":[7.322857,-9.230286,8.706072],"to":[8.677143,-8.234571,10.086071],"rotation":{"angle":0.0,"axis":"y","origin":[8.0,4.237564,9.3675]},"faces":{"east":{"uv":[11.25,4.25,11.71876,4.59376],"rotation":0,"texture":"#0","tintindex":0},"south":{"uv":[11.25,4.25,11.71876,4.59376],"rotation":0,"texture":"#0","tintindex":0},"north":{"uv":[11.25,4.25,11.71876,4.59376],"rotation":0,"texture":"#0","tintindex":0},"west":{"uv":[11.25,4.25,11.71876,4.59376],"rotation":0,"texture":"#0","tintindex":0},"up":{"uv":[10.71876,5.46876,10.25,5.0],"rotation":90,"texture":"#0","tintindex":0},"down":{"uv":[10.71876,5.5,10.25,5.96876],"rotation":270,"texture":"#0","tintindex":0}}},{"from":[7.3685713,-1.9488573,8.706072],"to":[8.631429,-0.6017151,10.086071],"rotation":{"angle":0.0,"axis":"y","origin":[8.0,5.523278,9.3675]},"faces":{"east":{"uv":[3.75,10.75,4.1875,11.21876],"rotation":0,"texture":"#0","tintindex":0},"south":{"uv":[3.75,10.75,4.1875,11.21876],"rotation":0,"texture":"#0","tintindex":0},"north":{"uv":[3.75,10.75,4.1875,11.21876],"rotation":0,"texture":"#0","tintindex":0},"west":{"uv":[3.75,10.75,4.1875,11.21876],"rotation":0,"texture":"#0","tintindex":0},"up":{"uv":[4.71876,11.1875,4.25,10.75],"rotation":90,"texture":"#0","tintindex":0},"down":{"uv":[11.21876,4.25,10.75,4.6875],"rotation":270,"texture":"#0","tintindex":0}}},{"from":[7.3685713,-7.5274296,8.706072],"to":[8.631429,-6.1802864,10.086071],"rotation":{"angle":0.0,"axis":"y","origin":[8.0,4.808993,9.3675]},"faces":{"east":{"uv":[3.75,11.21876,4.1875,10.75],"rotation":0,"texture":"#0","tintindex":0},"south":{"uv":[3.75,11.21876,4.1875,10.75],"rotation":0,"texture":"#0","tintindex":0},"north":{"uv":[3.75,11.21876,4.1875,10.75],"rotation":0,"texture":"#0","tintindex":0},"west":{"uv":[3.75,11.21876,4.1875,10.75],"rotation":0,"texture":"#0","tintindex":0},"up":{"uv":[11.21876,4.6875,10.75,4.25],"rotation":90,"texture":"#0","tintindex":0},"down":{"uv":[4.71876,10.75,4.25,11.1875],"rotation":270,"texture":"#0","tintindex":0}}},{"from":[7.654286,-2.6631432,9.610357],"to":[10.631429,0.11257076,9.610357],"rotation":{"angle":22.5,"axis":"z","origin":[9.142858,-1.2752867,9.610357]},"faces":{"east":{"uv":[0.0,0.0,0.0,0.96876],"rotation":0,"texture":"#0","tintindex":0},"south":{"uv":[7.03126,5.25,6.0,6.21876],"rotation":0,"texture":"#0","tintindex":0},"north":{"uv":[6.0,5.25,7.03126,6.21876],"rotation":0,"texture":"#0","tintindex":0},"west":{"uv":[0.0,0.0,0.0,0.96876],"rotation":0,"texture":"#0","tintindex":0},"up":{"uv":[0.0,0.0,0.0,1.03126],"rotation":90,"texture":"#0","tintindex":0},"down":{"uv":[0.0,1.03126,0.0,0.0],"rotation":270,"texture":"#0","tintindex":0}}},{"from":[5.3685713,-2.6631432,9.610357],"to":[8.345715,0.11257076,9.610357],"rotation":{"angle":-22.5,"axis":"z","origin":[6.857143,-1.2752867,9.610357]},"faces":{"east":{"uv":[0.0,0.0,0.0,0.96876],"rotation":0,"texture":"#0","tintindex":0},"south":{"uv":[6.0,5.25,7.03126,6.21876],"rotation":0,"texture":"#0","tintindex":0},"north":{"uv":[7.03126,5.25,6.0,6.21876],"rotation":0,"texture":"#0","tintindex":0},"west":{"uv":[0.0,0.0,0.0,0.96876],"rotation":0,"texture":"#0","tintindex":0},"up":{"uv":[0.0,1.03126,0.0,0.0],"rotation":90,"texture":"#0","tintindex":0},"down":{"uv":[0.0,0.0,0.0,1.03126],"rotation":270,"texture":"#0","tintindex":0}}},{"from":[5.3685713,-8.313145,9.610357],"to":[8.345715,-5.537429,9.610357],"rotation":{"angle":22.5,"axis":"z","origin":[6.857143,-6.9252863,9.610357]},"faces":{"east":{"uv":[0.0,0.96876,0.0,0.0],"rotation":0,"texture":"#0","tintindex":0},"south":{"uv":[6.0,6.21876,7.03126,5.25],"rotation":0,"texture":"#0","tintindex":0},"north":{"uv":[7.03126,6.21876,6.0,5.25],"rotation":0,"texture":"#0","tintindex":0},"west":{"uv":[0.0,0.96876,0.0,0.0],"rotation":0,"texture":"#0","tintindex":0},"up":{"uv":[0.0,1.03126,0.0,0.0],"rotation":90,"texture":"#0","tintindex":0},"down":{"uv":[0.0,0.0,0.0,1.03126],"rotation":270,"texture":"#0","tintindex":0}}},{"from":[7.654286,-8.313145,9.610357],"to":[10.631429,-5.537429,9.610357],"rotation":{"angle":-22.5,"axis":"z","origin":[9.142858,-6.9252863,9.610357]},"faces":{"east":{"uv":[0.0,0.96876,0.0,0.0],"rotation":0,"texture":"#0","tintindex":0},"south":{"uv":[7.03126,6.21876,6.0,5.25],"rotation":0,"texture":"#0","tintindex":0},"north":{"uv":[6.0,6.21876,7.03126,5.25],"rotation":0,"texture":"#0","tintindex":0},"west":{"uv":[0.0,0.96876,0.0,0.0],"rotation":0,"texture":"#0","tintindex":0},"up":{"uv":[0.0,0.0,0.0,1.03126],"rotation":90,"texture":"#0","tintindex":0},"down":{"uv":[0.0,1.03126,0.0,0.0],"rotation":270,"texture":"#0","tintindex":0}}},{"from":[6.5114284,-12.886,9.396071],"to":[9.488571,-8.7088585,9.396071],"rotation":{"angle":0.0,"axis":"y","origin":[8.0,4.273278,9.3675]},"faces":{"east":{"uv":[0.0,0.0,0.0,1.21876],"rotation":0,"texture":"#0","tintindex":0},"south":{"uv":[2.5,6.0,3.53126,7.21876],"rotation":0,"texture":"#0","tintindex":0},"north":{"uv":[2.5,6.0,3.53126,7.21876],"rotation":0,"texture":"#0","tintindex":0},"west":{"uv":[0.0,0.0,0.0,1.21876],"rotation":0,"texture":"#0","tintindex":0},"up":{"uv":[0.0,1.03126,0.0,0.0],"rotation":90,"texture":"#0","tintindex":0},"down":{"uv":[0.0,0.0,0.0,1.03126],"rotation":270,"texture":"#0","tintindex":0}}},{"from":[5.428571,0.399714,9.3675],"to":[10.571428,13.256857,9.3675],"rotation":{"angle":0.0,"axis":"y","origin":[8.0,1.6661425,9.510357]},"faces":{"east":{"uv":[0.0,0.0,0.0,26.0],"rotation":0,"texture":"#1","tintindex":0},"south":{"uv":[0.0,0.0,12.0,26.0],"rotation":0,"texture":"#1","tintindex":0},"north":{"uv":[12.0,0.0,0.0,26.0],"rotation":0,"texture":"#1","tintindex":0},"west":{"uv":[0.0,0.0,0.0,26.0],"rotation":0,"texture":"#1","tintindex":0},"up":{"uv":[0.0,12.0,0.0,0.0],"rotation":90,"texture":"#1","tintindex":0},"down":{"uv":[0.0,0.0,0.0,12.0],"rotation":270,"texture":"#1","tintindex":0}}},{"from":[5.428571,0.399714,9.510357],"to":[10.571428,13.256857,9.510357],"rotation":{"angle":0.0,"axis":"y","origin":[8.0,1.6661425,9.581786]},"faces":{"east":{"uv":[0.0,0.0,0.0,26.0],"rotation":0,"texture":"#1","tintindex":0},"south":{"uv":[0.0,0.0,12.0,26.0],"rotation":0,"texture":"#1","tintindex":0},"north":{"uv":[12.0,0.0,0.0,26.0],"rotation":0,"texture":"#1","tintindex":0},"west":{"uv":[0.0,0.0,0.0,26.0],"rotation":0,"texture":"#1","tintindex":0},"up":{"uv":[0.0,12.0,0.0,0.0],"rotation":90,"texture":"#1","tintindex":0},"down":{"uv":[0.0,0.0,0.0,12.0],"rotation":270,"texture":"#1","tintindex":0}}},{"from":[7.19,1.0797138,10.614643],"to":[10.256429,3.8568568,10.614643],"rotation":{"angle":-22.5,"axis":"z","origin":[6.785,-0.19314384,11.771786]},"faces":{"east":{"uv":[0.0,0.0,0.0,12.0],"rotation":0,"texture":"#3","tintindex":0},"south":{"uv":[12.25,0.0,0.0,12.0],"rotation":0,"texture":"#3","tintindex":0},"north":{"uv":[12.0,12.0,0.0,24.0],"rotation":0,"texture":"#3","tintindex":0},"west":{"uv":[0.0,0.0,0.0,12.0],"rotation":0,"texture":"#3","tintindex":0},"up":{"uv":[0.0,0.0,12.0,0.0],"rotation":180,"texture":"#3","tintindex":0},"down":{"uv":[0.0,0.0,12.0,0.0],"rotation":180,"texture":"#3","tintindex":0}}},{"from":[5.7435713,1.0797138,10.614643],"to":[8.81,3.8568568,10.614643],"rotation":{"angle":22.5,"axis":"z","origin":[9.215,-0.19314384,11.771786]},"faces":{"east":{"uv":[0.0,0.0,0.0,12.0],"rotation":0,"texture":"#3","tintindex":0},"south":{"uv":[0.0,0.0,12.25,12.0],"rotation":0,"texture":"#3","tintindex":0},"north":{"uv":[0.0,12.0,12.0,24.0],"rotation":0,"texture":"#3","tintindex":0},"west":{"uv":[0.0,0.0,0.0,12.0],"rotation":0,"texture":"#3","tintindex":0},"up":{"uv":[12.0,0.0,0.0,0.0],"rotation":180,"texture":"#3","tintindex":0},"down":{"uv":[12.0,0.0,0.0,0.0],"rotation":180,"texture":"#3","tintindex":0}}},{"from":[7.19,1.0797138,8.2425],"to":[10.256429,3.8568568,8.2425],"rotation":{"angle":-22.5,"axis":"z","origin":[6.785,-0.19314384,7.085357]},"faces":{"east":{"uv":[0.0,0.0,0.0,12.0],"rotation":0,"texture":"#3","tintindex":0},"south":{"uv":[0.0,12.0,12.0,24.0],"rotation":0,"texture":"#3","tintindex":0},"north":{"uv":[0.0,0.0,12.25,12.0],"rotation":0,"texture":"#3","tintindex":0},"west":{"uv":[0.0,0.0,0.0,12.0],"rotation":0,"texture":"#3","tintindex":0},"up":{"uv":[0.0,0.0,12.0,0.0],"rotation":180,"texture":"#3","tintindex":0},"down":{"uv":[0.0,0.0,12.0,0.0],"rotation":180,"texture":"#3","tintindex":0}}},{"from":[5.7435713,1.0797138,8.2425],"to":[8.81,3.8568568,8.2425],"rotation":{"angle":22.5,"axis":"z","origin":[9.215,-0.19314384,7.085357]},"faces":{"east":{"uv":[0.0,0.0,0.0,12.0],"rotation":0,"texture":"#3","tintindex":0},"south":{"uv":[12.0,12.0,0.0,24.0],"rotation":0,"texture":"#3","tintindex":0},"north":{"uv":[12.25,0.0,0.0,12.0],"rotation":0,"texture":"#3","tintindex":0},"west":{"uv":[0.0,0.0,0.0,12.0],"rotation":0,"texture":"#3","tintindex":0},"up":{"uv":[12.0,0.0,0.0,0.0],"rotation":180,"texture":"#3","tintindex":0},"down":{"uv":[12.0,0.0,0.0,0.0],"rotation":180,"texture":"#3","tintindex":0}}}],"display":{"head":{"translation":[0.0,-6.4,0.0],"scale":[4.0,4.0,4.0]}}}