{"textures":{"0":"diligence:diligence_texture/main","1":"diligence:diligence_texture/wings","2":"diligence:diligence_texture/electric_ring","3":"diligence:diligence_texture/electric_handle","6":"diligence:diligence_texture/handle"},"elements":[{"from":[5.259183,3.1999998,11.200083],"to":[8.087754,8.642858,11.200083],"rotation":{"angle":0.0,"axis":"y","origin":[6.4591827,6.135714,11.200083]},"faces":{"east":{"uv":[0.0,0.0,0.0,22.0],"rotation":0,"texture":"#1","tintindex":0},"south":{"uv":[16.0,0.0,0.0,22.0],"rotation":0,"texture":"#1","tintindex":0},"north":{"uv":[0.0,0.0,16.0,22.0],"rotation":0,"texture":"#1","tintindex":0},"west":{"uv":[0.0,0.0,0.0,22.0],"rotation":0,"texture":"#1","tintindex":0},"up":{"uv":[0.0,0.0,0.0,16.0],"rotation":270,"texture":"#1","tintindex":0},"down":{"uv":[0.0,16.0,0.0,0.0],"rotation":90,"texture":"#1","tintindex":0}}},{"from":[7.4764957,3.628571,11.200083],"to":[10.305067,8.642858,11.200083],"rotation":{"angle":0.0,"axis":"y","origin":[9.105067,6.135714,11.200083]},"faces":{"east":{"uv":[0.0,0.0,0.0,22.0],"rotation":0,"texture":"#1","tintindex":0},"south":{"uv":[0.0,0.0,16.0,22.0],"rotation":0,"texture":"#1","tintindex":0},"north":{"uv":[16.0,0.0,0.0,22.0],"rotation":0,"texture":"#1","tintindex":0},"west":{"uv":[0.0,0.0,0.0,22.0],"rotation":0,"texture":"#1","tintindex":0},"up":{"uv":[0.0,0.0,0.0,16.0],"rotation":90,"texture":"#1","tintindex":0},"down":{"uv":[0.0,16.0,0.0,0.0],"rotation":270,"texture":"#1","tintindex":0}}},{"from":[10.030782,5.342857,4.803997],"to":[10.030782,9.5,8.06114],"rotation":{"angle":-45.0,"axis":"y","origin":[10.030782,6.135714,6.4325686]},"faces":{"east":{"uv":[0.0,0.0,16.0,22.0],"rotation":0,"texture":"#1","tintindex":0},"south":{"uv":[0.0,0.0,0.0,22.0],"rotation":0,"texture":"#1","tintindex":0},"north":{"uv":[0.0,0.0,0.0,22.0],"rotation":0,"texture":"#1","tintindex":0},"west":{"uv":[16.0,0.0,0.0,22.0],"rotation":0,"texture":"#1","tintindex":0},"up":{"uv":[0.0,16.0,0.0,0.0],"rotation":180,"texture":"#1","tintindex":0},"down":{"uv":[0.0,0.0,0.0,16.0],"rotation":180,"texture":"#1","tintindex":0}}},{"from":[10.030782,4.0571427,7.45706],"to":[10.030782,8.642858,10.714203],"rotation":{"angle":45.0,"axis":"y","origin":[10.030782,6.135714,9.085631]},"faces":{"east":{"uv":[16.0,0.0,0.0,22.0],"rotation":0,"texture":"#1","tintindex":0},"south":{"uv":[0.0,0.0,0.0,22.0],"rotation":0,"texture":"#1","tintindex":0},"north":{"uv":[0.0,0.0,0.0,22.0],"rotation":0,"texture":"#1","tintindex":0},"west":{"uv":[0.0,0.0,16.0,22.0],"rotation":0,"texture":"#1","tintindex":0},"up":{"uv":[0.0,0.0,0.0,16.0],"rotation":180,"texture":"#1","tintindex":0},"down":{"uv":[0.0,16.0,0.0,0.0],"rotation":180,"texture":"#1","tintindex":0}}},{"from":[5.5591826,4.485714,7.45706],"to":[5.5591826,8.214286,10.714203],"rotation":{"angle":-45.0,"axis":"y","origin":[5.5591826,6.135714,9.085631]},"faces":{"east":{"uv":[16.0,0.0,0.0,22.0],"rotation":0,"texture":"#1","tintindex":0},"south":{"uv":[0.0,0.0,0.0,22.0],"rotation":0,"texture":"#1","tintindex":0},"north":{"uv":[0.0,0.0,0.0,22.0],"rotation":0,"texture":"#1","tintindex":0},"west":{"uv":[0.0,0.0,16.0,22.0],"rotation":0,"texture":"#1","tintindex":0},"up":{"uv":[0.0,0.0,0.0,16.0],"rotation":180,"texture":"#1","tintindex":0},"down":{"uv":[0.0,16.0,0.0,0.0],"rotation":180,"texture":"#1","tintindex":0}}},{"from":[7.9122458,3.1999998,5.7642026],"to":[10.740817,9.071428,5.7642026],"rotation":{"angle":45.0,"axis":"y","origin":[9.112246,6.135714,5.7642026]},"faces":{"east":{"uv":[0.0,0.0,0.0,22.0],"rotation":0,"texture":"#1","tintindex":0},"south":{"uv":[0.0,0.0,16.0,22.0],"rotation":0,"texture":"#1","tintindex":0},"north":{"uv":[16.0,0.0,0.0,22.0],"rotation":0,"texture":"#1","tintindex":0},"west":{"uv":[0.0,0.0,0.0,22.0],"rotation":0,"texture":"#1","tintindex":0},"up":{"uv":[0.0,16.0,0.0,0.0],"rotation":270,"texture":"#1","tintindex":0},"down":{"uv":[0.0,0.0,0.0,16.0],"rotation":90,"texture":"#1","tintindex":0}}},{"from":[7.483674,4.0571427,10.771511],"to":[10.312246,8.214286,10.771511],"rotation":{"angle":-45.0,"axis":"y","origin":[9.112246,6.135714,10.771511]},"faces":{"east":{"uv":[0.0,0.0,0.0,22.0],"rotation":0,"texture":"#1","tintindex":0},"south":{"uv":[0.0,0.0,16.0,22.0],"rotation":0,"texture":"#1","tintindex":0},"north":{"uv":[16.0,0.0,0.0,22.0],"rotation":0,"texture":"#1","tintindex":0},"west":{"uv":[0.0,0.0,0.0,22.0],"rotation":0,"texture":"#1","tintindex":0},"up":{"uv":[0.0,16.0,0.0,0.0],"rotation":270,"texture":"#1","tintindex":0},"down":{"uv":[0.0,0.0,0.0,16.0],"rotation":90,"texture":"#1","tintindex":0}}},{"from":[5.5591826,3.1999998,5.2325683],"to":[5.5591826,7.785714,8.489712],"rotation":{"angle":45.0,"axis":"y","origin":[5.5591826,6.135714,6.4325686]},"faces":{"east":{"uv":[16.0,0.0,0.0,22.0],"rotation":0,"texture":"#1","tintindex":0},"south":{"uv":[0.0,0.0,0.0,22.0],"rotation":0,"texture":"#1","tintindex":0},"north":{"uv":[0.0,0.0,0.0,22.0],"rotation":0,"texture":"#1","tintindex":0},"west":{"uv":[16.0,0.0,0.0,22.0],"rotation":0,"texture":"#1","tintindex":0},"up":{"uv":[0.0,16.0,0.0,0.0],"rotation":180,"texture":"#1","tintindex":0},"down":{"uv":[0.0,0.0,0.0,16.0],"rotation":180,"texture":"#1","tintindex":0}}},{"from":[4.830611,3.628571,5.2284884],"to":[8.087754,8.642858,5.2284884],"rotation":{"angle":0.0,"axis":"y","origin":[6.4591827,6.135714,5.2284884]},"faces":{"east":{"uv":[0.0,0.0,0.0,22.0],"rotation":0,"texture":"#1","tintindex":0},"south":{"uv":[16.0,0.0,0.0,22.0],"rotation":0,"texture":"#1","tintindex":0},"north":{"uv":[0.0,0.0,16.0,22.0],"rotation":0,"texture":"#1","tintindex":0},"west":{"uv":[0.0,0.0,0.0,22.0],"rotation":0,"texture":"#1","tintindex":0},"up":{"uv":[0.0,0.0,0.0,16.0],"rotation":270,"texture":"#1","tintindex":0},"down":{"uv":[0.0,16.0,0.0,0.0],"rotation":90,"texture":"#1","tintindex":0}}},{"from":[4.830611,3.628571,5.7642026],"to":[8.087754,8.642858,5.7642026],"rotation":{"angle":-45.0,"axis":"y","origin":[6.4591827,6.135714,5.7642026]},"faces":{"east":{"uv":[0.0,0.0,0.0,22.0],"rotation":0,"texture":"#1","tintindex":0},"south":{"uv":[16.0,0.0,0.0,22.0],"rotation":0,"texture":"#1","tintindex":0},"north":{"uv":[0.0,0.0,16.0,22.0],"rotation":0,"texture":"#1","tintindex":0},"west":{"uv":[0.0,0.0,0.0,22.0],"rotation":0,"texture":"#1","tintindex":0},"up":{"uv":[0.0,0.0,0.0,16.0],"rotation":270,"texture":"#1","tintindex":0},"down":{"uv":[0.0,16.0,0.0,0.0],"rotation":90,"texture":"#1","tintindex":0}}},{"from":[4.830611,3.1999998,10.771511],"to":[8.087754,7.785714,10.771511],"rotation":{"angle":45.0,"axis":"y","origin":[6.4591827,6.135714,10.771511]},"faces":{"east":{"uv":[0.0,0.0,0.0,22.0],"rotation":0,"texture":"#1","tintindex":0},"south":{"uv":[16.0,0.0,0.0,22.0],"rotation":0,"texture":"#1","tintindex":0},"north":{"uv":[0.0,0.0,16.0,22.0],"rotation":0,"texture":"#1","tintindex":0},"west":{"uv":[0.0,0.0,0.0,22.0],"rotation":0,"texture":"#1","tintindex":0},"up":{"uv":[0.0,0.0,0.0,16.0],"rotation":270,"texture":"#1","tintindex":0},"down":{"uv":[0.0,16.0,0.0,0.0],"rotation":90,"texture":"#1","tintindex":0}}},{"from":[7.905067,3.1999998,5.2284884],"to":[10.733639,9.071428,5.2284884],"rotation":{"angle":0.0,"axis":"y","origin":[9.105067,6.135714,5.2284884]},"faces":{"east":{"uv":[0.0,0.0,0.0,22.0],"rotation":0,"texture":"#1","tintindex":0},"south":{"uv":[0.0,0.0,16.0,22.0],"rotation":0,"texture":"#1","tintindex":0},"north":{"uv":[16.0,0.0,0.0,22.0],"rotation":0,"texture":"#1","tintindex":0},"west":{"uv":[0.0,0.0,0.0,22.0],"rotation":0,"texture":"#1","tintindex":0},"up":{"uv":[0.0,0.0,0.0,16.0],"rotation":90,"texture":"#1","tintindex":0},"down":{"uv":[0.0,16.0,0.0,0.0],"rotation":270,"texture":"#1","tintindex":0}}},{"from":[5.247924,4.9142857,7.5315113],"to":[5.247924,9.928572,10.788654],"rotation":{"angle":0.0,"axis":"y","origin":[5.247924,6.135714,9.160083]},"faces":{"east":{"uv":[16.0,0.0,0.0,22.0],"rotation":0,"texture":"#1","tintindex":0},"south":{"uv":[0.0,0.0,0.0,22.0],"rotation":0,"texture":"#1","tintindex":0},"north":{"uv":[0.0,0.0,0.0,22.0],"rotation":0,"texture":"#1","tintindex":0},"west":{"uv":[0.0,0.0,16.0,22.0],"rotation":0,"texture":"#1","tintindex":0},"up":{"uv":[0.0,0.0,0.0,16.0],"rotation":180,"texture":"#1","tintindex":0},"down":{"uv":[0.0,16.0,0.0,0.0],"rotation":180,"texture":"#1","tintindex":0}}},{"from":[5.247924,4.9142857,5.742774],"to":[5.247924,10.785714,8.142775],"rotation":{"angle":0.0,"axis":"y","origin":[5.247924,6.135714,6.5142026]},"faces":{"east":{"uv":[0.0,0.0,16.0,22.0],"rotation":0,"texture":"#1","tintindex":0},"south":{"uv":[0.0,0.0,0.0,22.0],"rotation":0,"texture":"#1","tintindex":0},"north":{"uv":[0.0,0.0,0.0,22.0],"rotation":0,"texture":"#1","tintindex":0},"west":{"uv":[16.0,0.0,0.0,22.0],"rotation":0,"texture":"#1","tintindex":0},"up":{"uv":[0.0,0.0,0.0,16.0],"rotation":0,"texture":"#1","tintindex":0},"down":{"uv":[0.0,16.0,0.0,0.0],"rotation":0,"texture":"#1","tintindex":0}}},{"from":[10.323504,5.342857,4.8856316],"to":[10.323504,9.928572,8.142775],"rotation":{"angle":0.0,"axis":"y","origin":[10.323504,6.135714,6.5142026]},"faces":{"east":{"uv":[0.0,0.0,16.0,22.0],"rotation":0,"texture":"#1","tintindex":0},"south":{"uv":[0.0,0.0,0.0,22.0],"rotation":0,"texture":"#1","tintindex":0},"north":{"uv":[0.0,0.0,0.0,22.0],"rotation":0,"texture":"#1","tintindex":0},"west":{"uv":[16.0,0.0,0.0,22.0],"rotation":0,"texture":"#1","tintindex":0},"up":{"uv":[0.0,0.0,0.0,16.0],"rotation":0,"texture":"#1","tintindex":0},"down":{"uv":[0.0,16.0,0.0,0.0],"rotation":0,"texture":"#1","tintindex":0}}},{"from":[7.6567144,1.9888568,7.763857],"to":[8.343286,2.6754284,8.450429],"rotation":{"angle":45.0,"axis":"x","origin":[8.0,2.4392858,8.0]},"faces":{"east":{"uv":[8.5,16.75,8.90626,17.15626],"rotation":0,"texture":"#0","tintindex":0},"south":{"uv":[9.0,16.75,9.40626,17.15626],"rotation":0,"texture":"#0","tintindex":0},"north":{"uv":[8.0,16.75,8.40626,17.15626],"rotation":0,"texture":"#0","tintindex":0},"west":{"uv":[9.5,16.75,9.90626,17.15626],"rotation":0,"texture":"#0","tintindex":0},"up":{"uv":[10.40626,17.15626,10.0,16.75],"rotation":0,"texture":"#0","tintindex":0},"down":{"uv":[10.90626,16.75,10.5,17.15626],"rotation":0,"texture":"#0","tintindex":0}}},{"from":[7.635714,-2.521429,7.7642856],"to":[8.364285,-2.0392866,8.2464285],"rotation":{"angle":45.0,"axis":"x","origin":[8.0,-2.2750006,8.0]},"faces":{"east":{"uv":[5.5,17.0,5.78126,17.28126],"rotation":0,"texture":"#0","tintindex":0},"south":{"uv":[17.1875,15.28126,16.75,15.0],"rotation":0,"texture":"#0","tintindex":0},"north":{"uv":[16.75,13.5,17.1875,13.78126],"rotation":0,"texture":"#0","tintindex":0},"west":{"uv":[6.0,17.0,6.28126,17.28126],"rotation":0,"texture":"#0","tintindex":0},"up":{"uv":[16.75,13.5,17.1875,13.78126],"rotation":0,"texture":"#0","tintindex":0},"down":{"uv":[17.1875,15.0,16.75,15.28126],"rotation":0,"texture":"#0","tintindex":0}}},{"from":[10.323504,4.485714,7.10294],"to":[10.323504,9.928572,10.360083],"rotation":{"angle":0.0,"axis":"y","origin":[10.323504,5.278571,9.160083]},"faces":{"east":{"uv":[16.0,0.0,0.0,22.0],"rotation":0,"texture":"#1","tintindex":0},"south":{"uv":[0.0,0.0,0.0,22.0],"rotation":0,"texture":"#1","tintindex":0},"north":{"uv":[0.0,0.0,0.0,22.0],"rotation":0,"texture":"#1","tintindex":0},"west":{"uv":[0.0,0.0,16.0,22.0],"rotation":0,"texture":"#1","tintindex":0},"up":{"uv":[0.0,0.0,0.0,16.0],"rotation":180,"texture":"#1","tintindex":0},"down":{"uv":[0.0,16.0,0.0,0.0],"rotation":180,"texture":"#1","tintindex":0}}},{"from":[7.6571426,2.541174,8.591386],"to":[8.342857,3.2697458,9.2771],"rotation":{"angle":45.0,"axis":"x","origin":[7.5714283,3.3983169,8.5056715]},"faces":{"east":{"uv":[11.90626,16.5,11.5,16.9375],"rotation":0,"texture":"#0","tintindex":0},"south":{"uv":[13.90626,16.0,13.5,16.4375],"rotation":0,"texture":"#0","tintindex":0},"north":{"uv":[12.40626,16.5,12.0,16.9375],"rotation":0,"texture":"#0","tintindex":0},"west":{"uv":[12.90626,16.5,12.5,16.9375],"rotation":0,"texture":"#0","tintindex":0},"up":{"uv":[7.40626,16.75,7.0,17.15626],"rotation":0,"texture":"#0","tintindex":0},"down":{"uv":[7.90626,17.15626,7.5,16.75],"rotation":0,"texture":"#0","tintindex":0}}},{"from":[7.6571426,2.541174,6.7229],"to":[8.342857,3.2697458,7.408614],"rotation":{"angle":-45.0,"axis":"x","origin":[7.5714283,3.3983169,7.4943285]},"faces":{"east":{"uv":[11.5,16.5,11.90626,16.9375],"rotation":0,"texture":"#0","tintindex":0},"south":{"uv":[12.0,16.5,12.40626,16.9375],"rotation":0,"texture":"#0","tintindex":0},"north":{"uv":[13.5,16.0,13.90626,16.4375],"rotation":0,"texture":"#0","tintindex":0},"west":{"uv":[12.5,16.5,12.90626,16.9375],"rotation":0,"texture":"#0","tintindex":0},"up":{"uv":[7.40626,17.15626,7.0,16.75],"rotation":0,"texture":"#0","tintindex":0},"down":{"uv":[7.90626,16.75,7.5,17.15626],"rotation":0,"texture":"#0","tintindex":0}}},{"from":[5.257571,4.0147142,5.664714],"to":[10.742429,4.013857,10.335286],"rotation":{"angle":0.0,"axis":"y","origin":[7.5714283,5.3,7.5714283]},"faces":{"east":{"uv":[0.0,0.0,2.71876,0.0],"rotation":0,"texture":"#2","tintindex":0},"south":{"uv":[0.0,0.0,3.1875,0.0],"rotation":0,"texture":"#2","tintindex":0},"north":{"uv":[0.0,0.0,3.1875,0.0],"rotation":0,"texture":"#2","tintindex":0},"west":{"uv":[0.0,0.0,2.71876,0.0],"rotation":0,"texture":"#2","tintindex":0},"up":{"uv":[17.1875,9.71876,14.0,7.0],"rotation":0,"texture":"#2","tintindex":0},"down":{"uv":[17.1875,9.71876,14.0,7.0],"rotation":0,"texture":"#2","tintindex":0}}},{"from":[6.543286,3.2432852,6.9504285],"to":[9.456715,3.2424283,9.049572],"rotation":{"angle":0.0,"axis":"y","origin":[7.5714283,4.528571,7.5714283]},"faces":{"east":{"uv":[0.0,0.0,1.21876,0.0],"rotation":0,"texture":"#2","tintindex":0},"south":{"uv":[0.0,0.0,1.6875,0.0],"rotation":0,"texture":"#2","tintindex":0},"north":{"uv":[0.0,0.0,1.6875,0.0],"rotation":0,"texture":"#2","tintindex":0},"west":{"uv":[0.0,0.0,1.21876,0.0],"rotation":0,"texture":"#2","tintindex":0},"up":{"uv":[17.1875,9.71876,14.0,7.0],"rotation":0,"texture":"#2","tintindex":0},"down":{"uv":[17.1875,9.71876,14.0,7.0],"rotation":0,"texture":"#2","tintindex":0}}},{"from":[5.686143,3.6075711,6.0932856],"to":[10.313857,3.6067142,9.906714],"rotation":{"angle":0.0,"axis":"y","origin":[7.5714283,4.892857,7.5714283]},"faces":{"east":{"uv":[0.0,0.0,2.21876,0.0],"rotation":0,"texture":"#2","tintindex":0},"south":{"uv":[0.0,0.0,2.6875,0.0],"rotation":0,"texture":"#2","tintindex":0},"north":{"uv":[0.0,0.0,2.6875,0.0],"rotation":0,"texture":"#2","tintindex":0},"west":{"uv":[0.0,0.0,2.21876,0.0],"rotation":0,"texture":"#2","tintindex":0},"up":{"uv":[17.1875,9.71876,14.0,7.0],"rotation":0,"texture":"#2","tintindex":0},"down":{"uv":[17.1875,9.71876,14.0,7.0],"rotation":0,"texture":"#2","tintindex":0}}},{"from":[7.571857,3.4147139,7.443286],"to":[8.428143,3.7567143,8.556714],"rotation":{"angle":0.0,"axis":"y","origin":[7.5714283,4.5714283,7.5714283]},"faces":{"east":{"uv":[16.75,15.5,17.40626,15.6875],"rotation":0,"texture":"#0","tintindex":0},"south":{"uv":[16.75,15.75,17.40626,15.9375],"rotation":0,"texture":"#0","tintindex":0},"north":{"uv":[16.75,15.5,17.40626,15.6875],"rotation":0,"texture":"#0","tintindex":0},"west":{"uv":[16.75,15.75,17.40626,15.9375],"rotation":0,"texture":"#0","tintindex":0},"up":{"uv":[9.0,16.65626,8.5,16.0],"rotation":0,"texture":"#0","tintindex":0},"down":{"uv":[9.5,16.0,9.0,16.65626],"rotation":0,"texture":"#0","tintindex":0}}},{"from":[7.443286,3.6718569,7.2718573],"to":[8.556714,3.9709997,8.728143],"rotation":{"angle":0.0,"axis":"y","origin":[7.5714283,4.485714,7.5714283]},"faces":{"east":{"uv":[16.75,12.5,17.59376,12.6875],"rotation":0,"texture":"#0","tintindex":0},"south":{"uv":[16.75,12.75,17.59376,12.9375],"rotation":0,"texture":"#0","tintindex":0},"north":{"uv":[16.75,12.75,17.59376,12.9375],"rotation":0,"texture":"#0","tintindex":0},"west":{"uv":[16.75,12.75,17.59376,12.9375],"rotation":0,"texture":"#0","tintindex":0},"up":{"uv":[6.15626,16.84376,5.5,16.0],"rotation":0,"texture":"#0","tintindex":0},"down":{"uv":[6.90626,16.0,6.25,16.84376],"rotation":0,"texture":"#0","tintindex":0}}},{"from":[7.7107143,-2.285715,7.6571426],"to":[8.289286,2.8571424,8.342857],"rotation":{"angle":0.0,"axis":"y","origin":[7.5714283,-1.4285717,7.5714283]},"faces":{"east":{"uv":[3.5,16.0,3.90626,19.0],"rotation":0,"texture":"#0","tintindex":0},"south":{"uv":[3.5,16.0,3.90626,19.0],"rotation":0,"texture":"#0","tintindex":0},"north":{"uv":[3.5,16.0,3.90626,19.0],"rotation":0,"texture":"#0","tintindex":0},"west":{"uv":[4.0,16.0,4.40626,19.0],"rotation":0,"texture":"#0","tintindex":0},"up":{"uv":[11.34376,17.15626,11.0,16.75],"rotation":0,"texture":"#0","tintindex":0},"down":{"uv":[17.09376,13.0,16.75,13.40626],"rotation":0,"texture":"#0","tintindex":0}}},{"from":[7.679,2.4289994,7.529],"to":[8.321,3.7138567,8.471],"rotation":{"angle":0.0,"axis":"y","origin":[7.5714283,3.7142854,7.5714283]},"faces":{"east":{"uv":[7.0,16.0,7.5625,16.75],"rotation":0,"texture":"#0","tintindex":0},"south":{"uv":[7.0,16.0,7.5625,16.75],"rotation":0,"texture":"#0","tintindex":0},"north":{"uv":[7.0,16.0,7.5625,16.75],"rotation":0,"texture":"#0","tintindex":0},"west":{"uv":[7.75,16.0,8.3125,16.75],"rotation":0,"texture":"#0","tintindex":0},"up":{"uv":[10.90626,16.5625,10.5,16.0],"rotation":0,"texture":"#0","tintindex":0},"down":{"uv":[11.40626,16.0,11.0,16.5625],"rotation":0,"texture":"#0","tintindex":0}}},{"from":[5.0857143,2.4285712,8.0],"to":[10.914286,16.142857,8.0],"rotation":{"angle":0.0,"axis":"y","origin":[8.0,8.0,8.0]},"faces":{"east":{"uv":[0.0,0.0,0.0,8.0],"rotation":0,"texture":"#0","tintindex":0},"south":{"uv":[7.0,8.0,10.40626,16.0],"rotation":0,"texture":"#0","tintindex":0},"north":{"uv":[3.5,8.0,6.90626,16.0],"rotation":0,"texture":"#0","tintindex":0},"west":{"uv":[0.0,0.0,0.0,8.0],"rotation":0,"texture":"#0","tintindex":0},"up":{"uv":[3.40626,0.0,0.0,0.0],"rotation":0,"texture":"#0","tintindex":0},"down":{"uv":[3.40626,0.0,0.0,0.0],"rotation":0,"texture":"#0","tintindex":0}}},{"from":[8.0,-4.4285717,5.0857143],"to":[8.0,1.5714283,10.914286],"rotation":{"angle":0.0,"axis":"y","origin":[8.0,-1.4285717,8.0]},"faces":{"east":{"uv":[14.0,0.0,17.40626,3.5],"rotation":0,"texture":"#3","tintindex":0},"south":{"uv":[0.0,0.0,0.0,3.5],"rotation":0,"texture":"#3","tintindex":0},"north":{"uv":[0.0,0.0,0.0,3.5],"rotation":0,"texture":"#3","tintindex":0},"west":{"uv":[14.0,3.5,17.40626,7.0],"rotation":0,"texture":"#3","tintindex":0},"up":{"uv":[0.0,3.40626,0.0,0.0],"rotation":0,"texture":"#3","tintindex":0},"down":{"uv":[0.0,0.0,0.0,3.40626],"rotation":0,"texture":"#3","tintindex":0}}},{"from":[5.0857143,-4.4285717,8.0],"to":[10.914286,1.5714283,8.0],"rotation":{"angle":0.0,"axis":"y","origin":[8.0,1.1428566,8.0]},"faces":{"east":{"uv":[0.0,0.0,0.0,3.5],"rotation":0,"texture":"#3","tintindex":0},"south":{"uv":[14.0,3.5,17.40626,7.0],"rotation":0,"texture":"#3","tintindex":0},"north":{"uv":[14.0,0.0,17.40626,3.5],"rotation":0,"texture":"#3","tintindex":0},"west":{"uv":[0.0,0.0,0.0,3.5],"rotation":0,"texture":"#3","tintindex":0},"up":{"uv":[0.0,3.40626,0.0,0.0],"rotation":270,"texture":"#3","tintindex":0},"down":{"uv":[0.0,0.0,0.0,3.40626],"rotation":90,"texture":"#3","tintindex":0}}},{"from":[5.0857143,1.9142857,8.0],"to":[10.914286,16.142857,8.0],"rotation":{"angle":0.0,"axis":"y","origin":[8.0,8.0,8.0]},"faces":{"east":{"uv":[0.0,0.0,0.0,8.0],"rotation":0,"texture":"#0","tintindex":0},"south":{"uv":[0.0,0.0,3.40626,8.0],"rotation":0,"texture":"#0","tintindex":0},"north":{"uv":[3.5,0.0,6.90626,8.0],"rotation":0,"texture":"#0","tintindex":0},"west":{"uv":[0.0,0.0,0.0,8.0],"rotation":0,"texture":"#0","tintindex":0},"up":{"uv":[0.0,3.40626,0.0,0.0],"rotation":90,"texture":"#0","tintindex":0},"down":{"uv":[0.0,0.0,0.0,3.40626],"rotation":270,"texture":"#0","tintindex":0}}},{"from":[8.0,1.9142857,5.0857143],"to":[8.0,16.142857,10.914286],"rotation":{"angle":0.0,"axis":"y","origin":[8.0,8.0,8.0]},"faces":{"east":{"uv":[0.0,0.0,3.40626,8.0],"rotation":0,"texture":"#0","tintindex":0},"south":{"uv":[0.0,0.0,0.0,8.0],"rotation":0,"texture":"#0","tintindex":0},"north":{"uv":[0.0,0.0,0.0,8.0],"rotation":0,"texture":"#0","tintindex":0},"west":{"uv":[3.5,0.0,6.90626,8.0],"rotation":0,"texture":"#0","tintindex":0},"up":{"uv":[0.0,3.40626,0.0,0.0],"rotation":0,"texture":"#0","tintindex":0},"down":{"uv":[0.0,0.0,0.0,3.40626],"rotation":0,"texture":"#0","tintindex":0}}},{"from":[8.0,1.9142857,5.0857143],"to":[8.0,16.142857,10.914286],"rotation":{"angle":-45.0,"axis":"y","origin":[8.0,8.0,8.0]},"faces":{"east":{"uv":[0.0,0.0,3.40626,8.0],"rotation":0,"texture":"#0","tintindex":0},"south":{"uv":[0.0,0.0,0.0,8.0],"rotation":0,"texture":"#0","tintindex":0},"north":{"uv":[0.0,0.0,0.0,8.0],"rotation":0,"texture":"#0","tintindex":0},"west":{"uv":[3.5,0.0,6.90626,8.0],"rotation":0,"texture":"#0","tintindex":0},"up":{"uv":[0.0,3.40626,0.0,0.0],"rotation":0,"texture":"#0","tintindex":0},"down":{"uv":[0.0,0.0,0.0,3.40626],"rotation":0,"texture":"#0","tintindex":0}}},{"from":[8.0,1.9142857,5.0857143],"to":[8.0,16.142857,10.914286],"rotation":{"angle":45.0,"axis":"y","origin":[8.0,8.0,8.0]},"faces":{"east":{"uv":[3.40626,0.0,0.0,8.0],"rotation":0,"texture":"#0","tintindex":0},"south":{"uv":[0.0,0.0,0.0,8.0],"rotation":0,"texture":"#0","tintindex":0},"north":{"uv":[0.0,0.0,0.0,8.0],"rotation":0,"texture":"#0","tintindex":0},"west":{"uv":[6.90626,0.0,3.5,8.0],"rotation":0,"texture":"#0","tintindex":0},"up":{"uv":[0.0,0.0,0.0,3.40626],"rotation":0,"texture":"#0","tintindex":0},"down":{"uv":[0.0,3.40626,0.0,0.0],"rotation":0,"texture":"#0","tintindex":0}}},{"from":[8.0,1.9142857,5.0857143],"to":[8.0,16.142857,10.914286],"rotation":{"angle":22.5,"axis":"y","origin":[8.0,8.0,8.0]},"faces":{"east":{"uv":[0.0,0.0,3.40626,8.0],"rotation":0,"texture":"#0","tintindex":0},"south":{"uv":[0.0,0.0,0.0,8.0],"rotation":0,"texture":"#0","tintindex":0},"north":{"uv":[0.0,0.0,0.0,8.0],"rotation":0,"texture":"#0","tintindex":0},"west":{"uv":[3.5,0.0,6.90626,8.0],"rotation":0,"texture":"#0","tintindex":0},"up":{"uv":[0.0,3.40626,0.0,0.0],"rotation":0,"texture":"#0","tintindex":0},"down":{"uv":[0.0,0.0,0.0,3.40626],"rotation":0,"texture":"#0","tintindex":0}}},{"from":[7.785714,-1.8012743,4.871106],"to":[7.785714,5.3581543,10.00025],"rotation":{"angle":-22.5,"axis":"x","origin":[7.785714,1.1818337,7.951186]},"faces":{"east":{"uv":[38.93752,0.0,30.0,12.375],"rotation":0,"texture":"#6","tintindex":0},"south":{"uv":[0.0,0.0,0.0,9.93752],"rotation":0,"texture":"#6","tintindex":0},"north":{"uv":[0.0,0.0,0.0,9.93752],"rotation":0,"texture":"#6","tintindex":0},"west":{"uv":[30.0,0.0,38.93752,12.375],"rotation":0,"texture":"#6","tintindex":0},"up":{"uv":[0.0,8.93752,0.0,0.0],"rotation":0,"texture":"#6","tintindex":0},"down":{"uv":[0.0,0.0,0.0,8.93752],"rotation":0,"texture":"#6","tintindex":0}}}],"display":{"head":{"translation":[0.0,-6.4,0.0],"scale":[4.0,4.0,4.0]}}}