{"textures":{"0":"modelengine:entity/vfx_gale_impact_circle"},"elements":[{"from":[7.542857,9.103457,7.817143],"to":[8.457143,9.103457,8.1828575],"rotation":{"angle":0.0,"axis":"y","origin":[8.0,8.941925,8.0]},"faces":{"east":{"uv":[2.0,9.0,3.0,9.0],"rotation":0,"texture":"#0","tintindex":0},"south":{"uv":[9.0,3.0,11.0,3.0],"rotation":0,"texture":"#0","tintindex":0},"north":{"uv":[9.0,2.0,11.0,2.0],"rotation":0,"texture":"#0","tintindex":0},"west":{"uv":[9.0,4.0,10.0,4.0],"rotation":0,"texture":"#0","tintindex":0},"up":{"uv":[2.0,1.0,0.0,0.0],"rotation":0,"texture":"#0","tintindex":0},"down":{"uv":[2.0,2.0,0.0,3.0],"rotation":0,"texture":"#0","tintindex":0}}},{"from":[6.8963594,7.542857,7.817143],"to":[6.8963594,8.457143,8.1828575],"rotation":{"angle":0.0,"axis":"y","origin":[7.057984,8.390196,8.0]},"faces":{"east":{"uv":[3.0,0.0,4.0,2.0],"rotation":0,"texture":"#0","tintindex":0},"south":{"uv":[0.0,10.0,0.0,12.0],"rotation":0,"texture":"#0","tintindex":0},"north":{"uv":[9.0,5.0,9.0,7.0],"rotation":0,"texture":"#0","tintindex":0},"west":{"uv":[3.0,3.0,4.0,5.0],"rotation":0,"texture":"#0","tintindex":0},"up":{"uv":[2.0,5.0,2.0,4.0],"rotation":0,"texture":"#0","tintindex":0},"down":{"uv":[10.0,0.0,10.0,1.0],"rotation":0,"texture":"#0","tintindex":0}}},{"from":[7.562401,7.8187404,7.817143],"to":[7.562401,8.7330265,8.1828575],"rotation":{"angle":-45.0,"axis":"z","origin":[8.0,8.941925,8.0]},"faces":{"east":{"uv":[0.0,4.0,1.0,6.0],"rotation":0,"texture":"#0","tintindex":0},"south":{"uv":[2.0,10.0,2.0,12.0],"rotation":0,"texture":"#0","tintindex":0},"north":{"uv":[1.0,10.0,1.0,12.0],"rotation":0,"texture":"#0","tintindex":0},"west":{"uv":[5.0,0.0,6.0,2.0],"rotation":0,"texture":"#0","tintindex":0},"up":{"uv":[3.0,11.0,3.0,10.0],"rotation":0,"texture":"#0","tintindex":0},"down":{"uv":[10.0,5.0,10.0,6.0],"rotation":0,"texture":"#0","tintindex":0}}},{"from":[8.437599,7.8187404,7.817143],"to":[8.437599,8.7330265,8.1828575],"rotation":{"angle":45.0,"axis":"z","origin":[8.0,8.941925,8.0]},"faces":{"east":{"uv":[5.0,3.0,6.0,5.0],"rotation":0,"texture":"#0","tintindex":0},"south":{"uv":[10.0,10.0,10.0,12.0],"rotation":0,"texture":"#0","tintindex":0},"north":{"uv":[10.0,7.0,10.0,9.0],"rotation":0,"texture":"#0","tintindex":0},"west":{"uv":[2.0,6.0,3.0,8.0],"rotation":0,"texture":"#0","tintindex":0},"up":{"uv":[11.0,1.0,11.0,0.0],"rotation":0,"texture":"#0","tintindex":0},"down":{"uv":[4.0,11.0,4.0,12.0],"rotation":0,"texture":"#0","tintindex":0}}},{"from":[7.542857,6.8965425,7.817143],"to":[8.457143,6.8965425,8.1828575],"rotation":{"angle":0.0,"axis":"y","origin":[8.0,7.0580754,8.0]},"faces":{"east":{"uv":[5.0,11.0,6.0,11.0],"rotation":0,"texture":"#0","tintindex":0},"south":{"uv":[11.0,5.0,13.0,5.0],"rotation":0,"texture":"#0","tintindex":0},"north":{"uv":[11.0,4.0,13.0,4.0],"rotation":0,"texture":"#0","tintindex":0},"west":{"uv":[11.0,6.0,12.0,6.0],"rotation":0,"texture":"#0","tintindex":0},"up":{"uv":[6.0,7.0,4.0,6.0],"rotation":0,"texture":"#0","tintindex":0},"down":{"uv":[9.0,0.0,7.0,1.0],"rotation":0,"texture":"#0","tintindex":0}}},{"from":[7.562401,7.2669735,7.817143],"to":[7.562401,8.181259,8.1828575],"rotation":{"angle":45.0,"axis":"z","origin":[8.0,7.0580754,8.0]},"faces":{"east":{"uv":[0.0,7.0,1.0,9.0],"rotation":0,"texture":"#0","tintindex":0},"south":{"uv":[11.0,7.0,11.0,9.0],"rotation":0,"texture":"#0","tintindex":0},"north":{"uv":[7.0,11.0,7.0,13.0],"rotation":0,"texture":"#0","tintindex":0},"west":{"uv":[7.0,2.0,8.0,4.0],"rotation":0,"texture":"#0","tintindex":0},"up":{"uv":[8.0,12.0,8.0,11.0],"rotation":0,"texture":"#0","tintindex":0},"down":{"uv":[9.0,11.0,9.0,12.0],"rotation":0,"texture":"#0","tintindex":0}}},{"from":[8.437599,7.2669735,7.817143],"to":[8.437599,8.181259,8.1828575],"rotation":{"angle":-45.0,"axis":"z","origin":[8.0,7.0580754,8.0]},"faces":{"east":{"uv":[7.0,5.0,8.0,7.0],"rotation":0,"texture":"#0","tintindex":0},"south":{"uv":[12.0,0.0,12.0,2.0],"rotation":0,"texture":"#0","tintindex":0},"north":{"uv":[11.0,10.0,11.0,12.0],"rotation":0,"texture":"#0","tintindex":0},"west":{"uv":[4.0,8.0,5.0,10.0],"rotation":0,"texture":"#0","tintindex":0},"up":{"uv":[3.0,13.0,3.0,12.0],"rotation":0,"texture":"#0","tintindex":0},"down":{"uv":[5.0,12.0,5.0,13.0],"rotation":0,"texture":"#0","tintindex":0}}},{"from":[9.103641,7.542857,7.817143],"to":[9.103641,8.457143,8.1828575],"rotation":{"angle":0.0,"axis":"y","origin":[8.942017,8.390196,8.0]},"faces":{"east":{"uv":[6.0,8.0,7.0,10.0],"rotation":0,"texture":"#0","tintindex":0},"south":{"uv":[12.0,7.0,12.0,9.0],"rotation":0,"texture":"#0","tintindex":0},"north":{"uv":[6.0,12.0,6.0,14.0],"rotation":0,"texture":"#0","tintindex":0},"west":{"uv":[8.0,8.0,9.0,10.0],"rotation":0,"texture":"#0","tintindex":0},"up":{"uv":[12.0,11.0,12.0,10.0],"rotation":0,"texture":"#0","tintindex":0},"down":{"uv":[12.0,12.0,12.0,13.0],"rotation":0,"texture":"#0","tintindex":0}}}],"display":{"head":{"translation":[0.0,-6.4,0.0],"scale":[4.0,4.0,4.0]}}}