{"textures":{"0":"modelengine:entity/texture","2":"michael:michael_texture/animat1","4":"michael:michael_texture/gloves"},"elements":[{"from":[-0.2857151,6.428571,4.0],"to":[7.0,9.428572,12.0],"rotation":{"angle":0.0,"axis":"y","origin":[7.0,4.142857,12.285715]},"faces":{"east":{"uv":[2.75,0.0,3.453125,0.46094],"rotation":0,"texture":"#4","tintindex":0},"south":{"uv":[2.140625,2.75,1.5,3.21094],"rotation":0,"texture":"#4","tintindex":0},"north":{"uv":[1.5,2.75,2.140625,3.21094],"rotation":0,"texture":"#4","tintindex":0},"west":{"uv":[0.0,2.75,0.703125,3.21094],"rotation":0,"texture":"#4","tintindex":0},"up":{"uv":[2.0,0.0,2.640625,0.703125],"rotation":0,"texture":"#4","tintindex":0},"down":{"uv":[0.75,2.703125,1.390625,2.0],"rotation":0,"texture":"#4","tintindex":0}}},{"from":[5.901086,6.8347282,6.0],"to":[6.615371,7.6918716,10.0],"rotation":{"angle":-45.0,"axis":"z","origin":[6.2582283,6.191871,8.0]},"faces":{"east":{"uv":[4.25,2.875,4.601565,2.953125],"rotation":0,"texture":"#4","tintindex":0},"south":{"uv":[5.125,1.5,5.1875,1.578125],"rotation":0,"texture":"#4","tintindex":0},"north":{"uv":[5.125,1.625,5.1875,1.703125],"rotation":0,"texture":"#4","tintindex":0},"west":{"uv":[3.875,2.625,4.226565,2.703125],"rotation":0,"texture":"#4","tintindex":0},"up":{"uv":[4.5,3.5,4.5625,3.851565],"rotation":0,"texture":"#4","tintindex":0},"down":{"uv":[3.75,4.851565,3.8125,4.5],"rotation":0,"texture":"#4","tintindex":0}}},{"from":[5.901086,8.022414,6.0],"to":[6.615371,9.022414,10.0],"rotation":{"angle":45.0,"axis":"z","origin":[6.2582283,9.522414,8.0]},"faces":{"east":{"uv":[2.875,3.875,3.226565,4.015625],"rotation":0,"texture":"#4","tintindex":0},"south":{"uv":[1.0,5.125,1.0625,5.265625],"rotation":0,"texture":"#4","tintindex":0},"north":{"uv":[1.25,5.125,1.3125,5.265625],"rotation":0,"texture":"#4","tintindex":0},"west":{"uv":[3.875,2.375,4.226565,2.515625],"rotation":0,"texture":"#4","tintindex":0},"up":{"uv":[4.0,4.5,4.0625,4.851565],"rotation":0,"texture":"#4","tintindex":0},"down":{"uv":[4.125,4.851565,4.1875,4.5],"rotation":0,"texture":"#4","tintindex":0}}},{"from":[6.857143,7.0,6.0],"to":[7.5714283,7.857143,10.0],"rotation":{"angle":0.0,"axis":"y","origin":[7.214286,7.785714,8.0]},"faces":{"east":{"uv":[2.125,3.625,2.476565,3.765625],"rotation":0,"texture":"#4","tintindex":0},"south":{"uv":[2.875,4.75,2.9375,5.015625],"rotation":0,"texture":"#4","tintindex":0},"north":{"uv":[3.0,4.75,3.0625,5.015625],"rotation":0,"texture":"#4","tintindex":0},"west":{"uv":[1.75,3.5,2.101565,3.765625],"rotation":0,"texture":"#4","tintindex":0},"up":{"uv":[3.875,4.5,3.9375,4.851565],"rotation":0,"texture":"#4","tintindex":0},"down":{"uv":[4.5,4.226565,4.5625,3.875],"rotation":0,"texture":"#4","tintindex":0}}},{"from":[6.857143,7.857143,6.0],"to":[7.5714283,8.714286,10.0],"rotation":{"angle":0.0,"axis":"y","origin":[7.214286,7.214286,8.0]},"faces":{"east":{"uv":[2.125,3.765625,2.476565,3.625],"rotation":0,"texture":"#4","tintindex":0},"south":{"uv":[2.875,5.015625,2.9375,4.75],"rotation":0,"texture":"#4","tintindex":0},"north":{"uv":[3.0,5.015625,3.0625,4.75],"rotation":0,"texture":"#4","tintindex":0},"west":{"uv":[1.75,3.765625,2.101565,3.5],"rotation":0,"texture":"#4","tintindex":0},"up":{"uv":[4.5,3.875,4.5625,4.226565],"rotation":0,"texture":"#4","tintindex":0},"down":{"uv":[3.875,4.851565,3.9375,4.5],"rotation":0,"texture":"#4","tintindex":0}}},{"from":[5.9790573,14.857143,5.2709427],"to":[6.8361998,20.428572,10.770943],"rotation":{"angle":45.0,"axis":"x","origin":[3.4076285,17.785715,8.270943]},"faces":{"east":{"uv":[3.0,1.0,3.484375,1.484375],"rotation":0,"texture":"#4","tintindex":0},"south":{"uv":[2.625,4.0,2.703125,4.484375],"rotation":0,"texture":"#4","tintindex":0},"north":{"uv":[3.125,4.125,3.203125,4.609375],"rotation":0,"texture":"#4","tintindex":0},"west":{"uv":[3.0,0.5,3.484375,0.984375],"rotation":0,"texture":"#4","tintindex":0},"up":{"uv":[4.25,1.125,4.328125,1.609375],"rotation":0,"texture":"#4","tintindex":0},"down":{"uv":[1.5,4.734375,1.578125,4.25],"rotation":0,"texture":"#4","tintindex":0}}},{"from":[5.6933427,16.857143,6.4852285],"to":[7.2647715,20.285715,9.9138],"rotation":{"angle":-45.0,"axis":"x","origin":[9.8362,18.214287,8.699514]},"faces":{"east":{"uv":[2.875,3.5,3.171875,3.796875],"rotation":0,"texture":"#4","tintindex":0},"south":{"uv":[0.25,4.125,0.390625,4.421875],"rotation":0,"texture":"#4","tintindex":0},"north":{"uv":[0.5,4.125,0.640625,4.421875],"rotation":0,"texture":"#4","tintindex":0},"west":{"uv":[3.5,2.375,3.796875,2.671875],"rotation":0,"texture":"#4","tintindex":0},"up":{"uv":[0.75,4.125,0.890625,4.421875],"rotation":0,"texture":"#4","tintindex":0},"down":{"uv":[4.125,1.046875,4.265625,0.75],"rotation":0,"texture":"#4","tintindex":0}}},{"from":[-0.55048656,16.857143,6.4852285],"to":[1.0209422,20.285715,9.9138],"rotation":{"angle":-45.0,"axis":"x","origin":[-3.1219149,18.214287,8.699514]},"faces":{"east":{"uv":[3.796875,2.375,3.5,2.671875],"rotation":0,"texture":"#4","tintindex":0},"south":{"uv":[0.390625,4.125,0.25,4.421875],"rotation":0,"texture":"#4","tintindex":0},"north":{"uv":[0.640625,4.125,0.5,4.421875],"rotation":0,"texture":"#4","tintindex":0},"west":{"uv":[3.171875,3.5,2.875,3.796875],"rotation":0,"texture":"#4","tintindex":0},"up":{"uv":[0.890625,4.125,0.75,4.421875],"rotation":0,"texture":"#4","tintindex":0},"down":{"uv":[4.265625,1.046875,4.125,0.75],"rotation":0,"texture":"#4","tintindex":0}}},{"from":[-0.12191486,14.857143,5.2709427],"to":[0.73522806,20.428572,10.770943],"rotation":{"angle":45.0,"axis":"x","origin":[3.3066568,17.785715,8.270943]},"faces":{"east":{"uv":[0.0,3.25,0.484375,3.734375],"rotation":0,"texture":"#4","tintindex":0},"south":{"uv":[1.625,4.25,1.703125,4.734375],"rotation":0,"texture":"#4","tintindex":0},"north":{"uv":[4.25,2.375,4.328125,2.859375],"rotation":0,"texture":"#4","tintindex":0},"west":{"uv":[2.875,3.0,3.359375,3.484375],"rotation":0,"texture":"#4","tintindex":0},"up":{"uv":[3.25,4.25,3.328125,4.734375],"rotation":0,"texture":"#4","tintindex":0},"down":{"uv":[3.375,4.734375,3.453125,4.25],"rotation":0,"texture":"#4","tintindex":0}}},{"from":[3.8687997,10.991428,7.2897716],"to":[7.4116573,12.688572,8.986915],"rotation":{"angle":45.0,"axis":"x","origin":[-4.622629,11.762857,7.984057]},"faces":{"east":{"uv":[1.25,4.375,1.414065,4.539065],"rotation":0,"texture":"#4","tintindex":0},"south":{"uv":[3.5,0.0,4.39844,0.164065],"rotation":0,"texture":"#4","tintindex":0},"north":{"uv":[3.5,0.25,4.39844,0.414065],"rotation":0,"texture":"#4","tintindex":0},"west":{"uv":[4.375,1.0,4.539065,1.164065],"rotation":0,"texture":"#4","tintindex":0},"up":{"uv":[0.5,3.5,1.39844,3.664065],"rotation":0,"texture":"#4","tintindex":0},"down":{"uv":[3.5,0.664065,4.39844,0.5],"rotation":0,"texture":"#4","tintindex":0}}},{"from":[3.9074855,11.384014,7.190114],"to":[7.3729715,13.389501,8.1156],"rotation":{"angle":22.5,"axis":"x","origin":[-4.622629,12.155329,7.884286]},"faces":{"east":{"uv":[1.625,4.75,1.71875,4.945315],"rotation":0,"texture":"#4","tintindex":0},"south":{"uv":[3.375,3.0,4.265625,3.195315],"rotation":0,"texture":"#4","tintindex":0},"north":{"uv":[3.375,3.25,4.265625,3.445315],"rotation":0,"texture":"#4","tintindex":0},"west":{"uv":[1.5,4.75,1.59375,4.945315],"rotation":0,"texture":"#4","tintindex":0},"up":{"uv":[3.75,1.75,4.640625,1.84375],"rotation":0,"texture":"#4","tintindex":0},"down":{"uv":[3.75,1.96875,4.640625,1.875],"rotation":0,"texture":"#4","tintindex":0}}},{"from":[3.908914,11.385443,8.171543],"to":[7.371543,13.388071,9.094172],"rotation":{"angle":-22.5,"axis":"x","origin":[-4.622629,12.155329,8.401428]},"faces":{"east":{"uv":[1.71875,4.75,1.625,4.945315],"rotation":0,"texture":"#4","tintindex":0},"south":{"uv":[4.265625,3.25,3.375,3.445315],"rotation":0,"texture":"#4","tintindex":0},"north":{"uv":[4.265625,3.0,3.375,3.195315],"rotation":0,"texture":"#4","tintindex":0},"west":{"uv":[1.59375,4.75,1.5,4.945315],"rotation":0,"texture":"#4","tintindex":0},"up":{"uv":[3.75,1.84375,4.640625,1.75],"rotation":0,"texture":"#4","tintindex":0},"down":{"uv":[3.75,1.875,4.640625,1.96875],"rotation":0,"texture":"#4","tintindex":0}}},{"from":[-0.65868664,11.384014,7.8844],"to":[2.8067994,13.389501,8.809886],"rotation":{"angle":-22.5,"axis":"x","origin":[11.336914,12.155329,8.115714]},"faces":{"east":{"uv":[1.5,4.75,1.59375,4.945315],"rotation":0,"texture":"#4","tintindex":0},"south":{"uv":[3.375,3.25,4.265625,3.445315],"rotation":0,"texture":"#4","tintindex":0},"north":{"uv":[3.375,3.0,4.265625,3.195315],"rotation":0,"texture":"#4","tintindex":0},"west":{"uv":[1.625,4.75,1.71875,4.945315],"rotation":0,"texture":"#4","tintindex":0},"up":{"uv":[4.640625,1.84375,3.75,1.75],"rotation":0,"texture":"#4","tintindex":0},"down":{"uv":[4.640625,1.875,3.75,1.96875],"rotation":0,"texture":"#4","tintindex":0}}},{"from":[-0.6572571,11.385443,6.9058285],"to":[2.8053713,13.388071,7.8284574],"rotation":{"angle":22.5,"axis":"x","origin":[11.336914,12.155329,7.5985713]},"faces":{"east":{"uv":[1.59375,4.75,1.5,4.945315],"rotation":0,"texture":"#4","tintindex":0},"south":{"uv":[4.265625,3.0,3.375,3.195315],"rotation":0,"texture":"#4","tintindex":0},"north":{"uv":[4.265625,3.25,3.375,3.445315],"rotation":0,"texture":"#4","tintindex":0},"west":{"uv":[1.71875,4.75,1.625,4.945315],"rotation":0,"texture":"#4","tintindex":0},"up":{"uv":[4.640625,1.75,3.75,1.84375],"rotation":0,"texture":"#4","tintindex":0},"down":{"uv":[4.640625,1.96875,3.75,1.875],"rotation":0,"texture":"#4","tintindex":0}}},{"from":[3.8687997,13.296029,7.8664],"to":[7.4116573,13.913172,8.483542],"rotation":{"angle":45.0,"axis":"x","origin":[-4.622629,13.643171,8.097829]},"faces":{"east":{"uv":[1.875,5.125,1.9375,5.1875],"rotation":0,"texture":"#4","tintindex":0},"south":{"uv":[3.75,2.0,4.64844,2.0625],"rotation":0,"texture":"#4","tintindex":0},"north":{"uv":[3.75,2.125,4.64844,2.1875],"rotation":0,"texture":"#4","tintindex":0},"west":{"uv":[1.75,5.125,1.8125,5.1875],"rotation":0,"texture":"#4","tintindex":0},"up":{"uv":[3.75,2.25,4.64844,2.3125],"rotation":0,"texture":"#4","tintindex":0},"down":{"uv":[3.25,3.8125,4.14844,3.75],"rotation":0,"texture":"#4","tintindex":0}}},{"from":[-0.6973715,13.296029,7.516457],"to":[2.8454857,13.913172,8.1336],"rotation":{"angle":-45.0,"axis":"x","origin":[11.336914,13.643171,7.9021716]},"faces":{"east":{"uv":[1.75,5.125,1.8125,5.1875],"rotation":0,"texture":"#4","tintindex":0},"south":{"uv":[3.75,2.125,4.64844,2.1875],"rotation":0,"texture":"#4","tintindex":0},"north":{"uv":[3.75,2.0,4.64844,2.0625],"rotation":0,"texture":"#4","tintindex":0},"west":{"uv":[1.875,5.125,1.9375,5.1875],"rotation":0,"texture":"#4","tintindex":0},"up":{"uv":[4.64844,2.3125,3.75,2.25],"rotation":0,"texture":"#4","tintindex":0},"down":{"uv":[4.14844,3.75,3.25,3.8125],"rotation":0,"texture":"#4","tintindex":0}}},{"from":[-0.6973715,10.991428,7.013086],"to":[2.8454857,12.688572,8.710229],"rotation":{"angle":-45.0,"axis":"x","origin":[11.336914,11.762857,8.015943]},"faces":{"east":{"uv":[4.375,1.0,4.539065,1.164065],"rotation":0,"texture":"#4","tintindex":0},"south":{"uv":[3.5,0.25,4.39844,0.414065],"rotation":0,"texture":"#4","tintindex":0},"north":{"uv":[3.5,0.0,4.39844,0.164065],"rotation":0,"texture":"#4","tintindex":0},"west":{"uv":[1.25,4.375,1.414065,4.539065],"rotation":0,"texture":"#4","tintindex":0},"up":{"uv":[1.39844,3.664065,0.5,3.5],"rotation":0,"texture":"#4","tintindex":0},"down":{"uv":[4.39844,0.5,3.5,0.664065],"rotation":0,"texture":"#4","tintindex":0}}},{"from":[-0.14285755,10.571428,4.142857],"to":[6.857143,17.857143,11.857143],"rotation":{"angle":0.0,"axis":"y","origin":[3.3571424,14.642858,8.0]},"faces":{"east":{"uv":[0.75,1.25,1.453125,1.914065],"rotation":0,"texture":"#4","tintindex":0},"south":{"uv":[1.5,2.0,2.140625,2.664065],"rotation":0,"texture":"#4","tintindex":0},"north":{"uv":[2.25,0.75,2.890625,1.414065],"rotation":0,"texture":"#4","tintindex":0},"west":{"uv":[0.0,1.25,0.703125,1.914065],"rotation":0,"texture":"#4","tintindex":0},"up":{"uv":[1.5,1.25,2.140625,1.953125],"rotation":0,"texture":"#4","tintindex":0},"down":{"uv":[0.0,2.703125,0.640625,2.0],"rotation":0,"texture":"#4","tintindex":0}}},{"from":[2.142857,9.142858,4.0],"to":[4.5714283,12.142858,5.714286],"rotation":{"angle":-45.0,"axis":"x","origin":[3.3571424,10.928572,2.7142854]},"faces":{"east":{"uv":[1.0,3.75,1.21094,4.015625],"rotation":0,"texture":"#4","tintindex":0},"south":{"uv":[2.5,3.625,2.71094,3.890625],"rotation":0,"texture":"#4","tintindex":0},"north":{"uv":[1.0,3.75,1.21094,4.015625],"rotation":0,"texture":"#4","tintindex":0},"west":{"uv":[1.0,3.75,1.21094,4.015625],"rotation":0,"texture":"#4","tintindex":0},"up":{"uv":[3.75,4.25,3.96094,4.39844],"rotation":0,"texture":"#4","tintindex":0},"down":{"uv":[4.25,3.89844,4.46094,3.75],"rotation":0,"texture":"#4","tintindex":0}}},{"from":[2.142857,9.142858,10.285714],"to":[4.5714283,12.142858,12.0],"rotation":{"angle":45.0,"axis":"x","origin":[3.3571424,10.928572,13.285715]},"faces":{"east":{"uv":[1.21094,3.75,1.0,4.015625],"rotation":0,"texture":"#4","tintindex":0},"south":{"uv":[1.21094,3.75,1.0,4.015625],"rotation":0,"texture":"#4","tintindex":0},"north":{"uv":[2.71094,3.625,2.5,3.890625],"rotation":0,"texture":"#4","tintindex":0},"west":{"uv":[1.21094,3.75,1.0,4.015625],"rotation":0,"texture":"#4","tintindex":0},"up":{"uv":[3.75,4.39844,3.96094,4.25],"rotation":0,"texture":"#4","tintindex":0},"down":{"uv":[4.25,3.75,4.46094,3.89844],"rotation":0,"texture":"#4","tintindex":0}}},{"from":[0.1428566,7.285714,4.428571],"to":[6.5714283,12.571428,11.571428],"rotation":{"angle":0.0,"axis":"y","origin":[6.714286,7.285714,12.285715]},"faces":{"east":{"uv":[2.875,1.5,3.5,1.96094],"rotation":0,"texture":"#4","tintindex":0},"south":{"uv":[2.875,2.0,3.4375,2.46094],"rotation":0,"texture":"#4","tintindex":0},"north":{"uv":[2.875,2.5,3.4375,2.96094],"rotation":0,"texture":"#4","tintindex":0},"west":{"uv":[2.25,2.75,2.875,3.21094],"rotation":0,"texture":"#4","tintindex":0},"up":{"uv":[2.25,1.5,2.8125,2.125],"rotation":0,"texture":"#4","tintindex":0},"down":{"uv":[2.25,2.75,2.8125,2.125],"rotation":0,"texture":"#4","tintindex":0}}},{"from":[5.788643,6.0314283,4.002857],"to":[6.5829287,7.4257145,11.997143],"rotation":{"angle":-45.0,"axis":"z","origin":[5.585786,6.428571,5.714286]},"faces":{"east":{"uv":[3.5,2.875,4.203125,3.0],"rotation":0,"texture":"#4","tintindex":0},"south":{"uv":[3.625,5.0,3.695315,5.125],"rotation":0,"texture":"#4","tintindex":0},"north":{"uv":[5.0,3.625,5.070315,3.75],"rotation":0,"texture":"#4","tintindex":0},"west":{"uv":[3.5,2.75,4.203125,2.875],"rotation":0,"texture":"#4","tintindex":0},"up":{"uv":[2.75,3.625,2.820315,4.328125],"rotation":0,"texture":"#4","tintindex":0},"down":{"uv":[1.75,4.578125,1.820315,3.875],"rotation":0,"texture":"#4","tintindex":0}}},{"from":[4.437214,5.43,10.072857],"to":[6.0129285,6.227143,11.998571],"rotation":{"angle":0.0,"axis":"y","origin":[5.014357,6.428571,4.0714283]},"faces":{"east":{"uv":[3.5,2.875,4.203125,3.0],"rotation":0,"texture":"#4","tintindex":0},"south":{"uv":[3.5,2.875,4.203125,3.0],"rotation":0,"texture":"#4","tintindex":0},"north":{"uv":[3.5,2.875,4.203125,3.0],"rotation":0,"texture":"#4","tintindex":0},"west":{"uv":[3.5,2.875,4.203125,3.0],"rotation":0,"texture":"#4","tintindex":0},"up":{"uv":[4.203125,3.0,3.5,2.875],"rotation":0,"texture":"#4","tintindex":0},"down":{"uv":[4.203125,3.0,3.5,2.875],"rotation":0,"texture":"#4","tintindex":0}}},{"from":[5.7872143,6.0299997,10.072857],"to":[6.5843573,7.4271426,11.998571],"rotation":{"angle":-45.0,"axis":"z","origin":[5.585786,6.428571,4.0714283]},"faces":{"east":{"uv":[3.5,2.875,4.203125,3.0],"rotation":0,"texture":"#4","tintindex":0},"south":{"uv":[3.5,2.875,4.203125,3.0],"rotation":0,"texture":"#4","tintindex":0},"north":{"uv":[3.5,2.875,4.203125,3.0],"rotation":0,"texture":"#4","tintindex":0},"west":{"uv":[3.5,2.875,4.203125,3.0],"rotation":0,"texture":"#4","tintindex":0},"up":{"uv":[4.203125,3.0,3.5,2.875],"rotation":0,"texture":"#4","tintindex":0},"down":{"uv":[4.203125,3.0,3.5,2.875],"rotation":0,"texture":"#4","tintindex":0}}},{"from":[5.6793284,5.0878716,10.214286],"to":[6.4793286,6.487871,11.785714],"rotation":{"angle":-22.5,"axis":"z","origin":[6.0793285,5.7878714,11.0]},"faces":{"east":{"uv":[1.75,4.75,1.890625,4.875],"rotation":0,"texture":"#4","tintindex":0},"south":{"uv":[1.75,4.75,1.890625,4.875],"rotation":0,"texture":"#4","tintindex":0},"north":{"uv":[1.75,4.75,1.890625,4.875],"rotation":0,"texture":"#4","tintindex":0},"west":{"uv":[4.75,1.625,4.890625,1.75],"rotation":0,"texture":"#4","tintindex":0},"up":{"uv":[1.125,5.0,1.195315,5.140625],"rotation":0,"texture":"#4","tintindex":0},"down":{"uv":[1.5,5.140625,1.570315,5.0],"rotation":0,"texture":"#4","tintindex":0}}},{"from":[4.6379995,4.9879427,10.214143],"to":[6.181143,5.9310856,11.785857],"rotation":{"angle":0.0,"axis":"y","origin":[5.481,5.530943,11.0]},"faces":{"east":{"uv":[4.875,1.0,5.015625,1.08594],"rotation":0,"texture":"#4","tintindex":0},"south":{"uv":[4.757815,3.5,4.625,3.640625],"rotation":0,"texture":"#4","tintindex":0},"north":{"uv":[4.757815,3.5,4.625,3.640625],"rotation":0,"texture":"#4","tintindex":0},"west":{"uv":[1.0,4.875,1.140625,4.96094],"rotation":0,"texture":"#4","tintindex":0},"up":{"uv":[4.625,3.25,4.757815,3.390625],"rotation":0,"texture":"#4","tintindex":0},"down":{"uv":[4.625,3.640625,4.757815,3.5],"rotation":0,"texture":"#4","tintindex":0}}},{"from":[4.328943,5.142543,10.214286],"to":[5.2718,6.6854,11.785714],"rotation":{"angle":22.5,"axis":"z","origin":[4.8718,5.8425426,11.0]},"faces":{"east":{"uv":[4.625,4.0,4.765625,4.132815],"rotation":0,"texture":"#4","tintindex":0},"south":{"uv":[4.625,3.75,4.765625,3.882815],"rotation":0,"texture":"#4","tintindex":0},"north":{"uv":[4.625,3.75,4.765625,3.882815],"rotation":0,"texture":"#4","tintindex":0},"west":{"uv":[4.625,3.75,4.765625,3.882815],"rotation":0,"texture":"#4","tintindex":0},"up":{"uv":[4.875,1.125,4.96094,1.265625],"rotation":0,"texture":"#4","tintindex":0},"down":{"uv":[1.25,5.015625,1.33594,4.875],"rotation":0,"texture":"#4","tintindex":0}}},{"from":[4.328943,5.142543,8.0],"to":[5.2718,6.6854,9.571428],"rotation":{"angle":22.5,"axis":"z","origin":[4.8718,5.8425426,8.785714]},"faces":{"east":{"uv":[4.625,4.0,4.765625,4.132815],"rotation":0,"texture":"#4","tintindex":0},"south":{"uv":[4.625,3.75,4.765625,3.882815],"rotation":0,"texture":"#4","tintindex":0},"north":{"uv":[4.625,3.75,4.765625,3.882815],"rotation":0,"texture":"#4","tintindex":0},"west":{"uv":[4.625,3.75,4.765625,3.882815],"rotation":0,"texture":"#4","tintindex":0},"up":{"uv":[4.875,1.125,4.96094,1.265625],"rotation":0,"texture":"#4","tintindex":0},"down":{"uv":[1.25,5.015625,1.33594,4.875],"rotation":0,"texture":"#4","tintindex":0}}},{"from":[4.6379995,4.9879427,7.999857],"to":[6.181143,5.9310856,9.571571],"rotation":{"angle":0.0,"axis":"y","origin":[5.481,5.530943,8.785714]},"faces":{"east":{"uv":[4.875,1.0,5.015625,1.08594],"rotation":0,"texture":"#4","tintindex":0},"south":{"uv":[4.757815,3.5,4.625,3.640625],"rotation":0,"texture":"#4","tintindex":0},"north":{"uv":[4.757815,3.5,4.625,3.640625],"rotation":0,"texture":"#4","tintindex":0},"west":{"uv":[1.0,4.875,1.140625,4.96094],"rotation":0,"texture":"#4","tintindex":0},"up":{"uv":[4.625,3.25,4.757815,3.390625],"rotation":0,"texture":"#4","tintindex":0},"down":{"uv":[4.625,3.640625,4.757815,3.5],"rotation":0,"texture":"#4","tintindex":0}}},{"from":[5.6793284,5.0878716,8.0],"to":[6.4793286,6.487871,9.571428],"rotation":{"angle":-22.5,"axis":"z","origin":[6.0793285,5.7878714,8.785714]},"faces":{"east":{"uv":[1.75,4.75,1.890625,4.875],"rotation":0,"texture":"#4","tintindex":0},"south":{"uv":[1.75,4.75,1.890625,4.875],"rotation":0,"texture":"#4","tintindex":0},"north":{"uv":[1.75,4.75,1.890625,4.875],"rotation":0,"texture":"#4","tintindex":0},"west":{"uv":[4.75,1.625,4.890625,1.75],"rotation":0,"texture":"#4","tintindex":0},"up":{"uv":[1.125,5.0,1.195315,5.140625],"rotation":0,"texture":"#4","tintindex":0},"down":{"uv":[1.5,5.140625,1.570315,5.0],"rotation":0,"texture":"#4","tintindex":0}}},{"from":[5.6793284,5.0878716,5.8571424],"to":[6.4793286,6.487871,7.428571],"rotation":{"angle":-22.5,"axis":"z","origin":[6.0793285,5.7878714,6.642857]},"faces":{"east":{"uv":[1.75,4.75,1.890625,4.875],"rotation":0,"texture":"#4","tintindex":0},"south":{"uv":[1.75,4.75,1.890625,4.875],"rotation":0,"texture":"#4","tintindex":0},"north":{"uv":[1.75,4.75,1.890625,4.875],"rotation":0,"texture":"#4","tintindex":0},"west":{"uv":[4.75,1.625,4.890625,1.75],"rotation":0,"texture":"#4","tintindex":0},"up":{"uv":[1.125,5.0,1.195315,5.140625],"rotation":0,"texture":"#4","tintindex":0},"down":{"uv":[1.5,5.140625,1.570315,5.0],"rotation":0,"texture":"#4","tintindex":0}}},{"from":[4.6379995,4.9879427,5.857],"to":[6.181143,5.9310856,7.4287143],"rotation":{"angle":0.0,"axis":"y","origin":[5.481,5.530943,6.642857]},"faces":{"east":{"uv":[4.875,1.0,5.015625,1.08594],"rotation":0,"texture":"#4","tintindex":0},"south":{"uv":[4.757815,3.5,4.625,3.640625],"rotation":0,"texture":"#4","tintindex":0},"north":{"uv":[4.757815,3.5,4.625,3.640625],"rotation":0,"texture":"#4","tintindex":0},"west":{"uv":[1.0,4.875,1.140625,4.96094],"rotation":0,"texture":"#4","tintindex":0},"up":{"uv":[4.625,3.25,4.757815,3.390625],"rotation":0,"texture":"#4","tintindex":0},"down":{"uv":[4.625,3.640625,4.757815,3.5],"rotation":0,"texture":"#4","tintindex":0}}},{"from":[4.328943,5.142543,5.8571424],"to":[5.2718,6.6854,7.428571],"rotation":{"angle":22.5,"axis":"z","origin":[4.8718,5.8425426,6.642857]},"faces":{"east":{"uv":[4.625,4.0,4.765625,4.132815],"rotation":0,"texture":"#4","tintindex":0},"south":{"uv":[4.625,3.75,4.765625,3.882815],"rotation":0,"texture":"#4","tintindex":0},"north":{"uv":[4.625,3.75,4.765625,3.882815],"rotation":0,"texture":"#4","tintindex":0},"west":{"uv":[4.625,3.75,4.765625,3.882815],"rotation":0,"texture":"#4","tintindex":0},"up":{"uv":[4.875,1.125,4.96094,1.265625],"rotation":0,"texture":"#4","tintindex":0},"down":{"uv":[1.25,5.015625,1.33594,4.875],"rotation":0,"texture":"#4","tintindex":0}}},{"from":[5.6793284,5.0878716,4.142857],"to":[6.4793286,6.487871,5.428571],"rotation":{"angle":-22.5,"axis":"z","origin":[6.0793285,5.7878714,4.785714]},"faces":{"east":{"uv":[1.75,4.75,1.890625,4.875],"rotation":0,"texture":"#4","tintindex":0},"south":{"uv":[1.75,4.75,1.890625,4.875],"rotation":0,"texture":"#4","tintindex":0},"north":{"uv":[1.75,4.75,1.890625,4.875],"rotation":0,"texture":"#4","tintindex":0},"west":{"uv":[4.75,1.625,4.890625,1.75],"rotation":0,"texture":"#4","tintindex":0},"up":{"uv":[1.125,5.0,1.195315,5.140625],"rotation":0,"texture":"#4","tintindex":0},"down":{"uv":[1.5,5.140625,1.570315,5.0],"rotation":0,"texture":"#4","tintindex":0}}},{"from":[4.6379995,4.9879427,4.1427145],"to":[6.181143,5.9310856,5.428714],"rotation":{"angle":0.0,"axis":"y","origin":[5.481,5.530943,4.785714]},"faces":{"east":{"uv":[4.875,1.0,5.015625,1.08594],"rotation":0,"texture":"#4","tintindex":0},"south":{"uv":[4.757815,3.5,4.625,3.640625],"rotation":0,"texture":"#4","tintindex":0},"north":{"uv":[4.757815,3.5,4.625,3.640625],"rotation":0,"texture":"#4","tintindex":0},"west":{"uv":[1.0,4.875,1.140625,4.96094],"rotation":0,"texture":"#4","tintindex":0},"up":{"uv":[4.625,3.25,4.757815,3.390625],"rotation":0,"texture":"#4","tintindex":0},"down":{"uv":[4.625,3.640625,4.757815,3.5],"rotation":0,"texture":"#4","tintindex":0}}},{"from":[4.328943,5.142543,4.142857],"to":[5.2718,6.6854,5.428571],"rotation":{"angle":22.5,"axis":"z","origin":[4.8718,5.8425426,4.785714]},"faces":{"east":{"uv":[4.625,4.0,4.765625,4.132815],"rotation":0,"texture":"#4","tintindex":0},"south":{"uv":[4.625,3.75,4.765625,3.882815],"rotation":0,"texture":"#4","tintindex":0},"north":{"uv":[4.625,3.75,4.765625,3.882815],"rotation":0,"texture":"#4","tintindex":0},"west":{"uv":[4.625,3.75,4.765625,3.882815],"rotation":0,"texture":"#4","tintindex":0},"up":{"uv":[4.875,1.125,4.96094,1.265625],"rotation":0,"texture":"#4","tintindex":0},"down":{"uv":[1.25,5.015625,1.33594,4.875],"rotation":0,"texture":"#4","tintindex":0}}},{"from":[3.844214,6.0299997,10.072857],"to":[4.641357,7.4271426,11.998571],"rotation":{"angle":45.0,"axis":"z","origin":[4.842786,6.428571,4.0714283]},"faces":{"east":{"uv":[3.5,2.875,4.203125,3.0],"rotation":0,"texture":"#4","tintindex":0},"south":{"uv":[3.5,2.875,4.203125,3.0],"rotation":0,"texture":"#4","tintindex":0},"north":{"uv":[3.5,2.875,4.203125,3.0],"rotation":0,"texture":"#4","tintindex":0},"west":{"uv":[3.5,2.875,4.203125,3.0],"rotation":0,"texture":"#4","tintindex":0},"up":{"uv":[4.203125,3.0,3.5,2.875],"rotation":0,"texture":"#4","tintindex":0},"down":{"uv":[4.203125,3.0,3.5,2.875],"rotation":0,"texture":"#4","tintindex":0}}},{"from":[5.7857857,6.028571,7.892857],"to":[6.585786,7.428571,9.75],"rotation":{"angle":-45.0,"axis":"z","origin":[5.585786,6.428571,1.7499995]},"faces":{"east":{"uv":[3.5,2.875,4.203125,3.0],"rotation":0,"texture":"#4","tintindex":0},"south":{"uv":[3.5,2.875,4.203125,3.0],"rotation":0,"texture":"#4","tintindex":0},"north":{"uv":[3.5,2.875,4.203125,3.0],"rotation":0,"texture":"#4","tintindex":0},"west":{"uv":[3.5,2.875,4.203125,3.0],"rotation":0,"texture":"#4","tintindex":0},"up":{"uv":[4.203125,3.0,3.5,2.875],"rotation":0,"texture":"#4","tintindex":0},"down":{"uv":[4.203125,3.0,3.5,2.875],"rotation":0,"texture":"#4","tintindex":0}}},{"from":[3.8427854,6.028571,7.892857],"to":[4.6427855,7.428571,9.75],"rotation":{"angle":45.0,"axis":"z","origin":[4.842786,6.428571,1.7499995]},"faces":{"east":{"uv":[3.5,2.875,4.203125,3.0],"rotation":0,"texture":"#4","tintindex":0},"south":{"uv":[3.5,2.875,4.203125,3.0],"rotation":0,"texture":"#4","tintindex":0},"north":{"uv":[3.5,2.875,4.203125,3.0],"rotation":0,"texture":"#4","tintindex":0},"west":{"uv":[3.5,2.875,4.203125,3.0],"rotation":0,"texture":"#4","tintindex":0},"up":{"uv":[4.203125,3.0,3.5,2.875],"rotation":0,"texture":"#4","tintindex":0},"down":{"uv":[4.203125,3.0,3.5,2.875],"rotation":0,"texture":"#4","tintindex":0}}},{"from":[4.435786,5.428571,7.892857],"to":[6.014357,6.2285714,9.75],"rotation":{"angle":0.0,"axis":"y","origin":[5.014357,6.428571,1.7499995]},"faces":{"east":{"uv":[3.5,2.875,4.203125,3.0],"rotation":0,"texture":"#4","tintindex":0},"south":{"uv":[3.5,2.875,4.203125,3.0],"rotation":0,"texture":"#4","tintindex":0},"north":{"uv":[3.5,2.875,4.203125,3.0],"rotation":0,"texture":"#4","tintindex":0},"west":{"uv":[3.5,2.875,4.203125,3.0],"rotation":0,"texture":"#4","tintindex":0},"up":{"uv":[4.203125,3.0,3.5,2.875],"rotation":0,"texture":"#4","tintindex":0},"down":{"uv":[4.203125,3.0,3.5,2.875],"rotation":0,"texture":"#4","tintindex":0}}},{"from":[5.7857857,6.028571,5.714286],"to":[6.585786,7.428571,7.5714283],"rotation":{"angle":-45.0,"axis":"z","origin":[5.585786,6.428571,-0.2857151]},"faces":{"east":{"uv":[3.5,2.875,4.203125,3.0],"rotation":0,"texture":"#4","tintindex":0},"south":{"uv":[3.5,2.875,4.203125,3.0],"rotation":0,"texture":"#4","tintindex":0},"north":{"uv":[3.5,2.875,4.203125,3.0],"rotation":0,"texture":"#4","tintindex":0},"west":{"uv":[3.5,2.875,4.203125,3.0],"rotation":0,"texture":"#4","tintindex":0},"up":{"uv":[4.203125,3.0,3.5,2.875],"rotation":0,"texture":"#4","tintindex":0},"down":{"uv":[4.203125,3.0,3.5,2.875],"rotation":0,"texture":"#4","tintindex":0}}},{"from":[3.8427854,6.028571,5.714286],"to":[4.6427855,7.428571,7.5714283],"rotation":{"angle":45.0,"axis":"z","origin":[4.842786,6.428571,-0.2857151]},"faces":{"east":{"uv":[3.5,2.875,4.203125,3.0],"rotation":0,"texture":"#4","tintindex":0},"south":{"uv":[3.5,2.875,4.203125,3.0],"rotation":0,"texture":"#4","tintindex":0},"north":{"uv":[3.5,2.875,4.203125,3.0],"rotation":0,"texture":"#4","tintindex":0},"west":{"uv":[3.5,2.875,4.203125,3.0],"rotation":0,"texture":"#4","tintindex":0},"up":{"uv":[4.203125,3.0,3.5,2.875],"rotation":0,"texture":"#4","tintindex":0},"down":{"uv":[4.203125,3.0,3.5,2.875],"rotation":0,"texture":"#4","tintindex":0}}},{"from":[4.435786,5.428571,5.714286],"to":[6.014357,6.2285714,7.5714283],"rotation":{"angle":0.0,"axis":"y","origin":[5.014357,6.428571,-0.2857151]},"faces":{"east":{"uv":[3.5,2.875,4.203125,3.0],"rotation":0,"texture":"#4","tintindex":0},"south":{"uv":[3.5,2.875,4.203125,3.0],"rotation":0,"texture":"#4","tintindex":0},"north":{"uv":[3.5,2.875,4.203125,3.0],"rotation":0,"texture":"#4","tintindex":0},"west":{"uv":[3.5,2.875,4.203125,3.0],"rotation":0,"texture":"#4","tintindex":0},"up":{"uv":[4.203125,3.0,3.5,2.875],"rotation":0,"texture":"#4","tintindex":0},"down":{"uv":[4.203125,3.0,3.5,2.875],"rotation":0,"texture":"#4","tintindex":0}}},{"from":[5.7872143,6.0299997,4.0014286],"to":[6.5843573,7.4271426,5.5699997],"rotation":{"angle":-45.0,"axis":"z","origin":[5.585786,6.428571,-2.285715]},"faces":{"east":{"uv":[3.5,2.875,4.203125,3.0],"rotation":0,"texture":"#4","tintindex":0},"south":{"uv":[3.5,2.875,4.203125,3.0],"rotation":0,"texture":"#4","tintindex":0},"north":{"uv":[3.5,2.875,4.203125,3.0],"rotation":0,"texture":"#4","tintindex":0},"west":{"uv":[3.5,2.875,4.203125,3.0],"rotation":0,"texture":"#4","tintindex":0},"up":{"uv":[4.203125,3.0,3.5,2.875],"rotation":0,"texture":"#4","tintindex":0},"down":{"uv":[4.203125,3.0,3.5,2.875],"rotation":0,"texture":"#4","tintindex":0}}},{"from":[3.844214,6.0299997,4.0014286],"to":[4.641357,7.4271426,5.5699997],"rotation":{"angle":45.0,"axis":"z","origin":[4.842786,6.428571,-2.285715]},"faces":{"east":{"uv":[3.5,2.875,4.203125,3.0],"rotation":0,"texture":"#4","tintindex":0},"south":{"uv":[3.5,2.875,4.203125,3.0],"rotation":0,"texture":"#4","tintindex":0},"north":{"uv":[3.5,2.875,4.203125,3.0],"rotation":0,"texture":"#4","tintindex":0},"west":{"uv":[3.5,2.875,4.203125,3.0],"rotation":0,"texture":"#4","tintindex":0},"up":{"uv":[4.203125,3.0,3.5,2.875],"rotation":0,"texture":"#4","tintindex":0},"down":{"uv":[4.203125,3.0,3.5,2.875],"rotation":0,"texture":"#4","tintindex":0}}},{"from":[0.32894278,5.142543,4.142857],"to":[1.2717996,6.6854,5.428571],"rotation":{"angle":22.5,"axis":"z","origin":[0.87179947,5.8425426,4.785714]},"faces":{"east":{"uv":[4.625,4.0,4.765625,4.132815],"rotation":0,"texture":"#4","tintindex":0},"south":{"uv":[4.625,3.75,4.765625,3.882815],"rotation":0,"texture":"#4","tintindex":0},"north":{"uv":[4.625,3.75,4.765625,3.882815],"rotation":0,"texture":"#4","tintindex":0},"west":{"uv":[4.625,3.75,4.765625,3.882815],"rotation":0,"texture":"#4","tintindex":0},"up":{"uv":[4.875,1.125,4.96094,1.265625],"rotation":0,"texture":"#4","tintindex":0},"down":{"uv":[1.25,5.015625,1.33594,4.875],"rotation":0,"texture":"#4","tintindex":0}}},{"from":[1.679328,5.0878716,4.142857],"to":[2.4793286,6.487871,5.428571],"rotation":{"angle":-22.5,"axis":"z","origin":[2.0793285,5.7878714,4.785714]},"faces":{"east":{"uv":[1.75,4.75,1.890625,4.875],"rotation":0,"texture":"#4","tintindex":0},"south":{"uv":[1.75,4.75,1.890625,4.875],"rotation":0,"texture":"#4","tintindex":0},"north":{"uv":[1.75,4.75,1.890625,4.875],"rotation":0,"texture":"#4","tintindex":0},"west":{"uv":[4.75,1.625,4.890625,1.75],"rotation":0,"texture":"#4","tintindex":0},"up":{"uv":[1.125,5.0,1.195315,5.140625],"rotation":0,"texture":"#4","tintindex":0},"down":{"uv":[1.5,5.140625,1.570315,5.0],"rotation":0,"texture":"#4","tintindex":0}}},{"from":[0.63799953,4.9879427,4.1427145],"to":[2.1811428,5.9310856,5.428714],"rotation":{"angle":0.0,"axis":"y","origin":[1.481,5.530943,4.785714]},"faces":{"east":{"uv":[4.875,1.0,5.015625,1.08594],"rotation":0,"texture":"#4","tintindex":0},"south":{"uv":[4.757815,3.5,4.625,3.640625],"rotation":0,"texture":"#4","tintindex":0},"north":{"uv":[4.757815,3.5,4.625,3.640625],"rotation":0,"texture":"#4","tintindex":0},"west":{"uv":[1.0,4.875,1.140625,4.96094],"rotation":0,"texture":"#4","tintindex":0},"up":{"uv":[4.625,3.25,4.757815,3.390625],"rotation":0,"texture":"#4","tintindex":0},"down":{"uv":[4.625,3.640625,4.757815,3.5],"rotation":0,"texture":"#4","tintindex":0}}},{"from":[0.75577116,5.4414854,4.002857],"to":[2.292914,7.4357715,5.568571],"rotation":{"angle":0.0,"axis":"y","origin":[1.4529138,6.4386287,5.714286]},"faces":{"east":{"uv":[3.5,2.875,4.203125,3.0],"rotation":0,"texture":"#4","tintindex":0},"south":{"uv":[3.5,2.875,4.203125,3.0],"rotation":0,"texture":"#4","tintindex":0},"north":{"uv":[3.5,2.875,4.203125,3.0],"rotation":0,"texture":"#4","tintindex":0},"west":{"uv":[3.5,2.875,4.203125,3.0],"rotation":0,"texture":"#4","tintindex":0},"up":{"uv":[4.203125,3.0,3.5,2.875],"rotation":0,"texture":"#4","tintindex":0},"down":{"uv":[4.203125,3.0,3.5,2.875],"rotation":0,"texture":"#4","tintindex":0}}},{"from":[2.0729284,6.0299997,4.0014286],"to":[2.8700714,7.4271426,5.5699997],"rotation":{"angle":-45.0,"axis":"z","origin":[1.8714995,6.428571,-2.285715]},"faces":{"east":{"uv":[3.5,2.875,4.203125,3.0],"rotation":0,"texture":"#4","tintindex":0},"south":{"uv":[3.5,2.875,4.203125,3.0],"rotation":0,"texture":"#4","tintindex":0},"north":{"uv":[3.5,2.875,4.203125,3.0],"rotation":0,"texture":"#4","tintindex":0},"west":{"uv":[3.5,2.875,4.203125,3.0],"rotation":0,"texture":"#4","tintindex":0},"up":{"uv":[4.203125,3.0,3.5,2.875],"rotation":0,"texture":"#4","tintindex":0},"down":{"uv":[4.203125,3.0,3.5,2.875],"rotation":0,"texture":"#4","tintindex":0}}},{"from":[0.12992811,6.0299997,4.0014286],"to":[0.9270706,7.4271426,5.5699997],"rotation":{"angle":45.0,"axis":"z","origin":[1.1285,6.428571,-2.285715]},"faces":{"east":{"uv":[3.5,2.875,4.203125,3.0],"rotation":0,"texture":"#4","tintindex":0},"south":{"uv":[3.5,2.875,4.203125,3.0],"rotation":0,"texture":"#4","tintindex":0},"north":{"uv":[3.5,2.875,4.203125,3.0],"rotation":0,"texture":"#4","tintindex":0},"west":{"uv":[3.5,2.875,4.203125,3.0],"rotation":0,"texture":"#4","tintindex":0},"up":{"uv":[4.203125,3.0,3.5,2.875],"rotation":0,"texture":"#4","tintindex":0},"down":{"uv":[4.203125,3.0,3.5,2.875],"rotation":0,"texture":"#4","tintindex":0}}},{"from":[4.437214,5.43,4.0014286],"to":[6.0129285,6.227143,5.5699997],"rotation":{"angle":0.0,"axis":"y","origin":[5.014357,6.428571,-2.285715]},"faces":{"east":{"uv":[3.5,2.875,4.203125,3.0],"rotation":0,"texture":"#4","tintindex":0},"south":{"uv":[3.5,2.875,4.203125,3.0],"rotation":0,"texture":"#4","tintindex":0},"north":{"uv":[3.5,2.875,4.203125,3.0],"rotation":0,"texture":"#4","tintindex":0},"west":{"uv":[3.5,2.875,4.203125,3.0],"rotation":0,"texture":"#4","tintindex":0},"up":{"uv":[4.203125,3.0,3.5,2.875],"rotation":0,"texture":"#4","tintindex":0},"down":{"uv":[4.203125,3.0,3.5,2.875],"rotation":0,"texture":"#4","tintindex":0}}},{"from":[3.7384996,6.317143,4.002857],"to":[4.5327854,7.7114286,11.997143],"rotation":{"angle":45.0,"axis":"z","origin":[4.7356424,6.714286,5.714286]},"faces":{"east":{"uv":[3.5,2.875,4.203125,3.0],"rotation":0,"texture":"#4","tintindex":0},"south":{"uv":[3.5,2.875,4.203125,3.0],"rotation":0,"texture":"#4","tintindex":0},"north":{"uv":[3.5,2.875,4.203125,3.0],"rotation":0,"texture":"#4","tintindex":0},"west":{"uv":[3.5,2.875,4.203125,3.0],"rotation":0,"texture":"#4","tintindex":0},"up":{"uv":[4.203125,3.0,3.5,2.875],"rotation":0,"texture":"#4","tintindex":0},"down":{"uv":[4.203125,3.0,3.5,2.875],"rotation":0,"texture":"#4","tintindex":0}}},{"from":[4.3272,5.7271996,4.002857],"to":[5.8643427,7.7214856,11.997143],"rotation":{"angle":0.0,"axis":"y","origin":[5.0243425,6.724343,5.714286]},"faces":{"east":{"uv":[3.5,2.875,4.203125,3.0],"rotation":0,"texture":"#4","tintindex":0},"south":{"uv":[3.5,2.875,4.203125,3.0],"rotation":0,"texture":"#4","tintindex":0},"north":{"uv":[3.5,2.875,4.203125,3.0],"rotation":0,"texture":"#4","tintindex":0},"west":{"uv":[3.5,2.875,4.203125,3.0],"rotation":0,"texture":"#4","tintindex":0},"up":{"uv":[4.203125,3.0,3.5,2.875],"rotation":0,"texture":"#4","tintindex":0},"down":{"uv":[4.203125,3.0,3.5,2.875],"rotation":0,"texture":"#4","tintindex":0}}},{"from":[6.0,11.0,-2.7142859],"to":[6.0,28.142859,8.0],"rotation":{"angle":0.0,"axis":"y","origin":[3.142857,11.0,5.142857]},"faces":{"east":{"uv":[0.0,6.0,1.0,0.0],"rotation":0,"texture":"#2","tintindex":0},"south":{"uv":[0.0,6.0,0.0,0.0],"rotation":0,"texture":"#2","tintindex":0},"north":{"uv":[0.0,0.0,0.0,6.0],"rotation":0,"texture":"#2","tintindex":0},"west":{"uv":[1.0,6.0,0.0,0.0],"rotation":0,"texture":"#2","tintindex":0},"up":{"uv":[0.0,1.0,0.0,0.0],"rotation":0,"texture":"#2","tintindex":0},"down":{"uv":[0.0,0.0,0.0,1.0],"rotation":0,"texture":"#2","tintindex":0}}},{"from":[6.0,11.0,8.0],"to":[6.0,28.142859,18.714287],"rotation":{"angle":0.0,"axis":"y","origin":[3.142857,11.0,10.857143]},"faces":{"east":{"uv":[1.0,6.0,0.0,0.0],"rotation":0,"texture":"#2","tintindex":0},"south":{"uv":[0.0,0.0,0.0,6.0],"rotation":0,"texture":"#2","tintindex":0},"north":{"uv":[0.0,6.0,0.0,0.0],"rotation":0,"texture":"#2","tintindex":0},"west":{"uv":[0.0,6.0,1.0,0.0],"rotation":0,"texture":"#2","tintindex":0},"up":{"uv":[0.0,0.0,0.0,1.0],"rotation":0,"texture":"#2","tintindex":0},"down":{"uv":[0.0,1.0,0.0,0.0],"rotation":0,"texture":"#2","tintindex":0}}},{"from":[2.5714283,11.0,-1.2857151],"to":[2.5714283,25.285715,8.0],"rotation":{"angle":0.0,"axis":"y","origin":[-0.2857151,8.142858,5.142857]},"faces":{"east":{"uv":[0.0,6.0,1.0,0.0],"rotation":0,"texture":"#2","tintindex":0},"south":{"uv":[0.0,6.0,0.0,0.0],"rotation":0,"texture":"#2","tintindex":0},"north":{"uv":[0.0,0.0,0.0,6.0],"rotation":0,"texture":"#2","tintindex":0},"west":{"uv":[1.0,6.0,0.0,0.0],"rotation":0,"texture":"#2","tintindex":0},"up":{"uv":[0.0,1.0,0.0,0.0],"rotation":0,"texture":"#2","tintindex":0},"down":{"uv":[0.0,0.0,0.0,1.0],"rotation":0,"texture":"#2","tintindex":0}}},{"from":[2.5714283,11.0,8.0],"to":[2.5714283,25.285715,17.285715],"rotation":{"angle":0.0,"axis":"y","origin":[-0.2857151,8.142858,10.857143]},"faces":{"east":{"uv":[1.0,6.0,0.0,0.0],"rotation":0,"texture":"#2","tintindex":0},"south":{"uv":[0.0,0.0,0.0,6.0],"rotation":0,"texture":"#2","tintindex":0},"north":{"uv":[0.0,6.0,0.0,0.0],"rotation":0,"texture":"#2","tintindex":0},"west":{"uv":[0.0,6.0,1.0,0.0],"rotation":0,"texture":"#2","tintindex":0},"up":{"uv":[0.0,0.0,0.0,1.0],"rotation":0,"texture":"#2","tintindex":0},"down":{"uv":[0.0,1.0,0.0,0.0],"rotation":0,"texture":"#2","tintindex":0}}},{"from":[6.0,11.0,-2.7142859],"to":[6.0,28.142859,8.0],"rotation":{"angle":0.0,"axis":"y","origin":[3.142857,11.0,5.142857]},"faces":{"east":{"uv":[1.0,0.0,1.9375,1.25],"rotation":0,"texture":"#4","tintindex":0},"south":{"uv":[0.0,0.0,0.0,1.25],"rotation":0,"texture":"#4","tintindex":0},"north":{"uv":[0.0,0.0,0.0,1.25],"rotation":0,"texture":"#4","tintindex":0},"west":{"uv":[0.0,0.0,0.9375,1.25],"rotation":0,"texture":"#4","tintindex":0},"up":{"uv":[0.0,0.0,0.0,0.9375],"rotation":0,"texture":"#4","tintindex":0},"down":{"uv":[0.0,0.9375,0.0,0.0],"rotation":0,"texture":"#4","tintindex":0}}},{"from":[2.5714283,11.714286,-1.2857151],"to":[2.5714283,23.142857,8.0],"rotation":{"angle":0.0,"axis":"y","origin":[-0.2857151,11.714286,5.142857]},"faces":{"east":{"uv":[1.0,0.0,1.9375,1.25],"rotation":0,"texture":"#4","tintindex":0},"south":{"uv":[0.0,0.0,0.0,1.0],"rotation":0,"texture":"#4","tintindex":0},"north":{"uv":[0.0,0.0,0.0,1.0],"rotation":0,"texture":"#4","tintindex":0},"west":{"uv":[0.0,0.0,0.9375,1.25],"rotation":0,"texture":"#4","tintindex":0},"up":{"uv":[0.0,0.0,0.0,0.8125],"rotation":0,"texture":"#4","tintindex":0},"down":{"uv":[0.0,0.8125,0.0,0.0],"rotation":0,"texture":"#4","tintindex":0}}},{"from":[6.0,9.571428,8.0],"to":[6.0,26.714287,18.714287],"rotation":{"angle":0.0,"axis":"y","origin":[3.142857,9.571428,10.857143]},"faces":{"east":{"uv":[0.0,0.0,0.9375,1.25],"rotation":0,"texture":"#4","tintindex":0},"south":{"uv":[0.0,0.0,0.0,1.25],"rotation":0,"texture":"#4","tintindex":0},"north":{"uv":[0.0,0.0,0.0,1.25],"rotation":0,"texture":"#4","tintindex":0},"west":{"uv":[1.0,0.0,1.9375,1.25],"rotation":0,"texture":"#4","tintindex":0},"up":{"uv":[0.0,0.0,0.0,0.9375],"rotation":0,"texture":"#4","tintindex":0},"down":{"uv":[0.0,0.9375,0.0,0.0],"rotation":0,"texture":"#4","tintindex":0}}},{"from":[2.5714283,11.714286,8.0],"to":[2.5714283,23.142857,17.285715],"rotation":{"angle":0.0,"axis":"y","origin":[-0.2857151,11.714286,10.857143]},"faces":{"east":{"uv":[0.0,0.0,0.9375,1.25],"rotation":0,"texture":"#4","tintindex":0},"south":{"uv":[0.0,0.0,0.0,1.0],"rotation":0,"texture":"#4","tintindex":0},"north":{"uv":[0.0,0.0,0.0,1.0],"rotation":0,"texture":"#4","tintindex":0},"west":{"uv":[1.0,0.0,1.9375,1.25],"rotation":0,"texture":"#4","tintindex":0},"up":{"uv":[0.0,0.0,0.0,0.8125],"rotation":0,"texture":"#4","tintindex":0},"down":{"uv":[0.0,0.8125,0.0,0.0],"rotation":0,"texture":"#4","tintindex":0}}},{"from":[7.6,6.428571,6.0],"to":[7.6,9.285714,10.0],"rotation":{"angle":0.0,"axis":"y","origin":[7.6,8.571428,8.0]},"faces":{"east":{"uv":[4.0,0.0,8.0,5.0],"rotation":0,"texture":"#0","tintindex":0},"south":{"uv":[0.0,0.0,0.0,5.0],"rotation":0,"texture":"#0","tintindex":0},"north":{"uv":[0.0,0.0,0.0,5.0],"rotation":0,"texture":"#0","tintindex":0},"west":{"uv":[8.0,0.0,4.0,5.0],"rotation":0,"texture":"#0","tintindex":0},"up":{"uv":[0.0,0.0,0.0,4.0],"rotation":0,"texture":"#0","tintindex":0},"down":{"uv":[0.0,4.0,0.0,0.0],"rotation":0,"texture":"#0","tintindex":0}}}],"display":{"head":{"translation":[0.0,-6.4,0.0],"scale":[4.0,4.0,4.0]}}}