{"textures":{"0":"modelengine:entity/dash_gale_4"},"elements":[{"from":[8.0,-1.2380953,-1.4285717],"to":[8.0,17.61905,17.428572],"rotation":{"angle":0.0,"axis":"y","origin":[8.0,8.190476,8.0]},"faces":{"east":{"uv":[0.0,0.0,128.0,128.0],"rotation":0,"texture":"#0","tintindex":0},"south":{"uv":[0.0,0.0,0.0,16.0],"rotation":0,"texture":"#0","tintindex":0},"north":{"uv":[0.0,0.0,0.0,16.0],"rotation":0,"texture":"#0","tintindex":0},"west":{"uv":[128.0,0.0,0.0,128.0],"rotation":0,"texture":"#0","tintindex":0},"up":{"uv":[0.0,0.0,0.0,16.0],"rotation":0,"texture":"#0","tintindex":0},"down":{"uv":[0.0,0.0,0.0,16.0],"rotation":0,"texture":"#0","tintindex":0}}},{"from":[-1.4285717,-1.2380953,8.0],"to":[17.428572,17.61905,8.0],"rotation":{"angle":0.0,"axis":"y","origin":[8.0,8.190476,8.0]},"faces":{"east":{"uv":[0.0,0.0,0.0,16.0],"rotation":0,"texture":"#0","tintindex":0},"south":{"uv":[0.0,0.0,128.0,128.0],"rotation":0,"texture":"#0","tintindex":0},"north":{"uv":[128.0,0.0,0.0,128.0],"rotation":0,"texture":"#0","tintindex":0},"west":{"uv":[0.0,0.0,0.0,16.0],"rotation":0,"texture":"#0","tintindex":0},"up":{"uv":[0.0,0.0,0.0,16.0],"rotation":90,"texture":"#0","tintindex":0},"down":{"uv":[0.0,0.0,0.0,16.0],"rotation":270,"texture":"#0","tintindex":0}}},{"from":[-1.4285717,7.6190476,-1.4285717],"to":[17.428572,7.6190476,17.428572],"rotation":{"angle":0.0,"axis":"y","origin":[8.0,7.6190476,8.0]},"faces":{"east":{"uv":[0.0,0.0,0.0,16.0],"rotation":90,"texture":"#0","tintindex":0},"south":{"uv":[0.0,0.0,0.0,16.0],"rotation":270,"texture":"#0","tintindex":0},"north":{"uv":[0.0,0.0,0.0,16.0],"rotation":270,"texture":"#0","tintindex":0},"west":{"uv":[0.0,0.0,0.0,16.0],"rotation":270,"texture":"#0","tintindex":0},"up":{"uv":[128.0,0.0,0.0,128.0],"rotation":0,"texture":"#0","tintindex":0},"down":{"uv":[128.0,128.0,0.0,0.0],"rotation":0,"texture":"#0","tintindex":0}}}],"display":{"head":{"translation":[0.0,-6.4,0.0],"scale":[4.0,4.0,4.0]}}}