{"textures":{"0":"modelengine:entity/vfx_gale_spear"},"elements":[{"from":[8.014286,3.142857,-9.714287],"to":[8.014286,12.857143,25.714287],"rotation":{"angle":0.0,"axis":"y","origin":[8.014286,8.0,8.0]},"faces":{"east":{"uv":[7.75,2.5,0.0,4.875],"rotation":0,"texture":"#0","tintindex":0},"south":{"uv":[0.125,5.0,0.125,7.375],"rotation":0,"texture":"#0","tintindex":0},"north":{"uv":[0.0,5.0,0.0,7.375],"rotation":0,"texture":"#0","tintindex":0},"west":{"uv":[0.0,2.5,7.75,4.875],"rotation":0,"texture":"#0","tintindex":0},"up":{"uv":[0.25,12.75,0.25,5.0],"rotation":0,"texture":"#0","tintindex":0},"down":{"uv":[0.375,5.0,0.375,12.75],"rotation":0,"texture":"#0","tintindex":0}}}],"display":{"head":{"translation":[0.0,-6.4,0.0],"scale":[4.0,4.0,4.0]}}}