{"textures":{"2":"modelengine:entity/vfx_gale_spear_trail"},"elements":[{"from":[8.0,7.8471427,-5.188574],"to":[8.0,8.15,32.0],"rotation":{"angle":0.0,"axis":"y","origin":[8.0,7.9985714,13.405712]},"faces":{"east":{"uv":[8.125,0.0,0.0,0.125],"rotation":0,"texture":"#2","tintindex":0},"south":{"uv":[0.125,0.25,0.125,0.375],"rotation":0,"texture":"#2","tintindex":0},"north":{"uv":[0.0,0.25,0.0,0.375],"rotation":0,"texture":"#2","tintindex":0},"west":{"uv":[0.0,0.0,8.125,0.125],"rotation":0,"texture":"#2","tintindex":0},"up":{"uv":[0.25,8.375,0.25,0.25],"rotation":0,"texture":"#2","tintindex":0},"down":{"uv":[0.375,0.25,0.375,8.375],"rotation":0,"texture":"#2","tintindex":0}}},{"from":[7.8485713,8.001429,-5.188574],"to":[8.151428,8.001429,32.0],"rotation":{"angle":0.0,"axis":"y","origin":[8.0,8.001429,13.405712]},"faces":{"east":{"uv":[0.375,0.25,0.375,8.375],"rotation":270,"texture":"#2","tintindex":0},"south":{"uv":[0.125,0.25,0.125,0.375],"rotation":270,"texture":"#2","tintindex":0},"north":{"uv":[0.0,0.25,0.0,0.375],"rotation":90,"texture":"#2","tintindex":0},"west":{"uv":[0.25,8.375,0.25,0.25],"rotation":270,"texture":"#2","tintindex":0},"up":{"uv":[8.125,0.0,0.0,0.125],"rotation":270,"texture":"#2","tintindex":0},"down":{"uv":[0.0,0.0,8.125,0.125],"rotation":270,"texture":"#2","tintindex":0}}}],"display":{"head":{"translation":[0.0,-6.4,53.805725],"scale":[4.0,4.0,4.0]}}}