{"textures":{"4":"modelengine:entity/vfx_wind_circle"},"elements":[{"from":[7.542857,9.103457,7.817143],"to":[8.457143,9.103457,8.1828575],"rotation":{"angle":0.0,"axis":"y","origin":[8.0,8.941925,8.0]},"faces":{"east":{"uv":[0.25,1.125,0.375,1.125],"rotation":0,"texture":"#4","tintindex":0},"south":{"uv":[1.125,0.375,1.375,0.375],"rotation":0,"texture":"#4","tintindex":0},"north":{"uv":[1.125,0.25,1.375,0.25],"rotation":0,"texture":"#4","tintindex":0},"west":{"uv":[1.125,0.5,1.25,0.5],"rotation":0,"texture":"#4","tintindex":0},"up":{"uv":[0.25,0.125,0.0,0.0],"rotation":0,"texture":"#4","tintindex":0},"down":{"uv":[0.25,0.25,0.0,0.375],"rotation":0,"texture":"#4","tintindex":0}}},{"from":[6.8963594,7.542857,7.817143],"to":[6.8963594,8.457143,8.1828575],"rotation":{"angle":0.0,"axis":"y","origin":[7.057984,8.390196,8.0]},"faces":{"east":{"uv":[0.375,0.0,0.5,0.25],"rotation":0,"texture":"#4","tintindex":0},"south":{"uv":[0.0,1.25,0.0,1.5],"rotation":0,"texture":"#4","tintindex":0},"north":{"uv":[1.125,0.625,1.125,0.875],"rotation":0,"texture":"#4","tintindex":0},"west":{"uv":[0.375,0.375,0.5,0.625],"rotation":0,"texture":"#4","tintindex":0},"up":{"uv":[0.25,0.625,0.25,0.5],"rotation":0,"texture":"#4","tintindex":0},"down":{"uv":[1.25,0.0,1.25,0.125],"rotation":0,"texture":"#4","tintindex":0}}},{"from":[7.562401,7.8187404,7.817143],"to":[7.562401,8.7330265,8.1828575],"rotation":{"angle":-45.0,"axis":"z","origin":[8.0,8.941925,8.0]},"faces":{"east":{"uv":[0.0,0.5,0.125,0.75],"rotation":0,"texture":"#4","tintindex":0},"south":{"uv":[0.25,1.25,0.25,1.5],"rotation":0,"texture":"#4","tintindex":0},"north":{"uv":[0.125,1.25,0.125,1.5],"rotation":0,"texture":"#4","tintindex":0},"west":{"uv":[0.625,0.0,0.75,0.25],"rotation":0,"texture":"#4","tintindex":0},"up":{"uv":[0.375,1.375,0.375,1.25],"rotation":0,"texture":"#4","tintindex":0},"down":{"uv":[1.25,0.625,1.25,0.75],"rotation":0,"texture":"#4","tintindex":0}}},{"from":[8.437599,7.8187404,7.817143],"to":[8.437599,8.7330265,8.1828575],"rotation":{"angle":45.0,"axis":"z","origin":[8.0,8.941925,8.0]},"faces":{"east":{"uv":[0.625,0.375,0.75,0.625],"rotation":0,"texture":"#4","tintindex":0},"south":{"uv":[1.25,1.25,1.25,1.5],"rotation":0,"texture":"#4","tintindex":0},"north":{"uv":[1.25,0.875,1.25,1.125],"rotation":0,"texture":"#4","tintindex":0},"west":{"uv":[0.25,0.75,0.375,1.0],"rotation":0,"texture":"#4","tintindex":0},"up":{"uv":[1.375,0.125,1.375,0.0],"rotation":0,"texture":"#4","tintindex":0},"down":{"uv":[0.5,1.375,0.5,1.5],"rotation":0,"texture":"#4","tintindex":0}}},{"from":[7.542857,6.8965425,7.817143],"to":[8.457143,6.8965425,8.1828575],"rotation":{"angle":0.0,"axis":"y","origin":[8.0,7.0580754,8.0]},"faces":{"east":{"uv":[0.625,1.375,0.75,1.375],"rotation":0,"texture":"#4","tintindex":0},"south":{"uv":[1.375,0.625,1.625,0.625],"rotation":0,"texture":"#4","tintindex":0},"north":{"uv":[1.375,0.5,1.625,0.5],"rotation":0,"texture":"#4","tintindex":0},"west":{"uv":[1.375,0.75,1.5,0.75],"rotation":0,"texture":"#4","tintindex":0},"up":{"uv":[0.75,0.875,0.5,0.75],"rotation":0,"texture":"#4","tintindex":0},"down":{"uv":[1.125,0.0,0.875,0.125],"rotation":0,"texture":"#4","tintindex":0}}},{"from":[7.562401,7.2669735,7.817143],"to":[7.562401,8.181259,8.1828575],"rotation":{"angle":45.0,"axis":"z","origin":[8.0,7.0580754,8.0]},"faces":{"east":{"uv":[0.0,0.875,0.125,1.125],"rotation":0,"texture":"#4","tintindex":0},"south":{"uv":[1.375,0.875,1.375,1.125],"rotation":0,"texture":"#4","tintindex":0},"north":{"uv":[0.875,1.375,0.875,1.625],"rotation":0,"texture":"#4","tintindex":0},"west":{"uv":[0.875,0.25,1.0,0.5],"rotation":0,"texture":"#4","tintindex":0},"up":{"uv":[1.0,1.5,1.0,1.375],"rotation":0,"texture":"#4","tintindex":0},"down":{"uv":[1.125,1.375,1.125,1.5],"rotation":0,"texture":"#4","tintindex":0}}},{"from":[8.437599,7.2669735,7.817143],"to":[8.437599,8.181259,8.1828575],"rotation":{"angle":-45.0,"axis":"z","origin":[8.0,7.0580754,8.0]},"faces":{"east":{"uv":[0.875,0.625,1.0,0.875],"rotation":0,"texture":"#4","tintindex":0},"south":{"uv":[1.5,0.0,1.5,0.25],"rotation":0,"texture":"#4","tintindex":0},"north":{"uv":[1.375,1.25,1.375,1.5],"rotation":0,"texture":"#4","tintindex":0},"west":{"uv":[0.5,1.0,0.625,1.25],"rotation":0,"texture":"#4","tintindex":0},"up":{"uv":[0.375,1.625,0.375,1.5],"rotation":0,"texture":"#4","tintindex":0},"down":{"uv":[0.625,1.5,0.625,1.625],"rotation":0,"texture":"#4","tintindex":0}}},{"from":[9.103641,7.542857,7.817143],"to":[9.103641,8.457143,8.1828575],"rotation":{"angle":0.0,"axis":"y","origin":[8.942017,8.390196,8.0]},"faces":{"east":{"uv":[0.75,1.0,0.875,1.25],"rotation":0,"texture":"#4","tintindex":0},"south":{"uv":[1.5,0.875,1.5,1.125],"rotation":0,"texture":"#4","tintindex":0},"north":{"uv":[0.75,1.5,0.75,1.75],"rotation":0,"texture":"#4","tintindex":0},"west":{"uv":[1.0,1.0,1.125,1.25],"rotation":0,"texture":"#4","tintindex":0},"up":{"uv":[1.5,1.375,1.5,1.25],"rotation":0,"texture":"#4","tintindex":0},"down":{"uv":[1.5,1.5,1.5,1.625],"rotation":0,"texture":"#4","tintindex":0}}}],"display":{"head":{"translation":[0.0,-6.4,0.0],"scale":[4.0,4.0,4.0]}}}