{"parent":"minecraft:item/generated","textures":{"layer0":"minecraft:item/leather_horse_armor"},"overrides":[{"predicate":{"custom_model_data":1},"model":"modelengine:fx_aether_strike/body"},{"predicate":{"custom_model_data":2},"model":"modelengine:fx_olkalilre/sacred_lance"},{"predicate":{"custom_model_data":3},"model":"modelengine:fx_permafrost_lance/group"},{"predicate":{"custom_model_data":4},"model":"modelengine:fx_permafrost_lance/group2"},{"predicate":{"custom_model_data":5},"model":"modelengine:fx_sacred_sling/bone"},{"predicate":{"custom_model_data":6},"model":"modelengine:fx_sacred_sling/bone2"},{"predicate":{"custom_model_data":7},"model":"modelengine:fx_sacred_sling/bone5"},{"predicate":{"custom_model_data":8},"model":"modelengine:fx_sacred_sling/bone4"},{"predicate":{"custom_model_data":9},"model":"modelengine:vfx_gale_dash_1/bone"},{"predicate":{"custom_model_data":10},"model":"modelengine:vfx_gale_dash_10/bone"},{"predicate":{"custom_model_data":11},"model":"modelengine:vfx_gale_dash_11/bone"},{"predicate":{"custom_model_data":12},"model":"modelengine:vfx_gale_dash_12/bone"},{"predicate":{"custom_model_data":13},"model":"modelengine:vfx_gale_dash_13/bone"},{"predicate":{"custom_model_data":14},"model":"modelengine:vfx_gale_dash_14/bone"},{"predicate":{"custom_model_data":15},"model":"modelengine:vfx_gale_dash_2/bone"},{"predicate":{"custom_model_data":16},"model":"modelengine:vfx_gale_dash_3/bone"},{"predicate":{"custom_model_data":17},"model":"modelengine:vfx_gale_dash_4/bone"},{"predicate":{"custom_model_data":18},"model":"modelengine:vfx_gale_dash_5/bone"},{"predicate":{"custom_model_data":19},"model":"modelengine:vfx_gale_dash_6/bone"},{"predicate":{"custom_model_data":20},"model":"modelengine:vfx_gale_dash_7/bone"},{"predicate":{"custom_model_data":21},"model":"modelengine:vfx_gale_dash_8/bone"},{"predicate":{"custom_model_data":22},"model":"modelengine:vfx_gale_dash_9/bone"},{"predicate":{"custom_model_data":23},"model":"modelengine:vfx_gale_ground_impact/wave1"},{"predicate":{"custom_model_data":24},"model":"modelengine:vfx_gale_ground_impact/wave2"},{"predicate":{"custom_model_data":25},"model":"modelengine:vfx_gale_impact/bone"},{"predicate":{"custom_model_data":26},"model":"modelengine:vfx_gale_impact/bone2"},{"predicate":{"custom_model_data":27},"model":"modelengine:vfx_gale_slash_1/body"},{"predicate":{"custom_model_data":28},"model":"modelengine:vfx_gale_slash_10/body"},{"predicate":{"custom_model_data":29},"model":"modelengine:vfx_gale_slash_11/body"},{"predicate":{"custom_model_data":30},"model":"modelengine:vfx_gale_slash_2/body"},{"predicate":{"custom_model_data":31},"model":"modelengine:vfx_gale_slash_3/body"},{"predicate":{"custom_model_data":32},"model":"modelengine:vfx_gale_slash_4/body"},{"predicate":{"custom_model_data":33},"model":"modelengine:vfx_gale_slash_5/body"},{"predicate":{"custom_model_data":34},"model":"modelengine:vfx_gale_slash_6/body"},{"predicate":{"custom_model_data":35},"model":"modelengine:vfx_gale_slash_7/body"},{"predicate":{"custom_model_data":36},"model":"modelengine:vfx_gale_slash_8/body"},{"predicate":{"custom_model_data":37},"model":"modelengine:vfx_gale_slash_9/body"},{"predicate":{"custom_model_data":38},"model":"modelengine:vfx_gale_spear/trail"},{"predicate":{"custom_model_data":39},"model":"modelengine:vfx_gale_spear/body"},{"predicate":{"custom_model_data":40},"model":"modelengine:vfx_gale_spear/wave1"},{"predicate":{"custom_model_data":41},"model":"modelengine:vfx_gale_spear/wave2"},{"predicate":{"custom_model_data":42},"model":"modelengine:vfx_gale_spear/wave3"},{"predicate":{"custom_model_data":43},"model":"modelengine:vfx_gale_spin/body"},{"predicate":{"custom_model_data":44},"model":"modelengine:vfx_gale_thrust_1/bone"},{"predicate":{"custom_model_data":45},"model":"modelengine:vfx_gale_thrust_1/bone2"},{"predicate":{"custom_model_data":46},"model":"modelengine:vfx_gale_thrust_2/bone"},{"predicate":{"custom_model_data":47},"model":"modelengine:vfx_gale_thrust_2/bone2"},{"predicate":{"custom_model_data":48},"model":"modelengine:vfx_gale_thrust_3/bone"},{"predicate":{"custom_model_data":49},"model":"modelengine:vfx_gale_thrust_3/bone2"},{"predicate":{"custom_model_data":50},"model":"modelengine:vfx_gale_thrust_4/bone"},{"predicate":{"custom_model_data":51},"model":"modelengine:vfx_gale_thrust_4/bone2"},{"predicate":{"custom_model_data":52},"model":"modelengine:vfx_gale_thrust_5/bone"},{"predicate":{"custom_model_data":53},"model":"modelengine:vfx_gale_thrust_5/bone2"},{"predicate":{"custom_model_data":54},"model":"modelengine:vfx_gale_thrust_6/bone"},{"predicate":{"custom_model_data":55},"model":"modelengine:vfx_gale_thrust_6/bone2"},{"predicate":{"custom_model_data":56},"model":"modelengine:vfx_gale_thrust_7/bone"},{"predicate":{"custom_model_data":57},"model":"modelengine:vfx_gale_thrust_7/bone2"},{"predicate":{"custom_model_data":58},"model":"modelengine:vfx_gale_thrust_8/bone"},{"predicate":{"custom_model_data":59},"model":"modelengine:vfx_gale_thrust_8/bone2"},{"predicate":{"custom_model_data":60},"model":"modelengine:vfx_gale_thrust_9/bone"},{"predicate":{"custom_model_data":61},"model":"modelengine:vfx_gale_thrust_9/bone2"},{"predicate":{"custom_model_data":62},"model":"modelengine:vfx_gale_tornado/body"},{"predicate":{"custom_model_data":63},"model":"modelengine:vfx_gale_tornado/body3"},{"predicate":{"custom_model_data":64},"model":"modelengine:vfx_gale_tornado/body2"},{"predicate":{"custom_model_data":65},"model":"modelengine:vfx_gale_tornado/body4"},{"predicate":{"custom_model_data":66},"model":"modelengine:vfx_gale_tornado/body5"},{"predicate":{"custom_model_data":67},"model":"modelengine:vfx_gale_vault_1/bone"},{"predicate":{"custom_model_data":68},"model":"modelengine:vfx_gale_vault_2/bone"},{"predicate":{"custom_model_data":69},"model":"modelengine:vfx_gale_vault_3/bone"},{"predicate":{"custom_model_data":70},"model":"modelengine:vfx_gale_vault_4/bone"},{"predicate":{"custom_model_data":71},"model":"modelengine:vfx_gale_vault_5/bone"},{"predicate":{"custom_model_data":72},"model":"modelengine:vfx_gale_vault_6/bone"},{"predicate":{"custom_model_data":73},"model":"modelengine:vfx_gale_vault_7/bone"},{"predicate":{"custom_model_data":74},"model":"modelengine:vfx_gale_vault_8/bone"},{"predicate":{"custom_model_data":75},"model":"modelengine:vfx_ground_crack/body"},{"predicate":{"custom_model_data":76},"model":"modelengine:vfx_ground_crack_debris/stone_1"},{"predicate":{"custom_model_data":77},"model":"modelengine:vfx_ground_crack_debris/stone_5"},{"predicate":{"custom_model_data":78},"model":"modelengine:vfx_ground_crack_debris/stone_2"},{"predicate":{"custom_model_data":79},"model":"modelengine:vfx_ground_crack_debris/stone_4"},{"predicate":{"custom_model_data":80},"model":"modelengine:vfx_ground_crack_debris/stone_3"},{"predicate":{"custom_model_data":81},"model":"modelengine:vfx_meditation_beads/front_bead"},{"predicate":{"custom_model_data":82},"model":"modelengine:vfx_meditation_beads/right_back_bead"},{"predicate":{"custom_model_data":83},"model":"modelengine:vfx_meditation_beads/left_back_bead"},{"predicate":{"custom_model_data":84},"model":"modelengine:vfx_meditation_beads/left_bead"},{"predicate":{"custom_model_data":85},"model":"modelengine:vfx_meditation_beads/right_bead"},{"predicate":{"custom_model_data":86},"model":"modelengine:vfx_michael_fists/gauntlet"},{"predicate":{"custom_model_data":87},"model":"modelengine:vfx_michael_fists/gauntlet2"},{"predicate":{"custom_model_data":88},"model":"modelengine:vfx_michael_gauntlet/gauntlet"}]}