{"textures":{"0":"modelengine:entity/vfx_ground_crack5"},"elements":[{"from":[-31.24438,8.0,-31.24438],"to":[47.24438,8.0,47.24438],"rotation":{"angle":0.0,"axis":"y","origin":[8.0,8.0,8.0]},"faces":{"east":{"uv":[0.0,0.0,16.0,0.0],"rotation":0,"texture":"#0","tintindex":0},"south":{"uv":[0.0,0.0,16.0,0.0],"rotation":0,"texture":"#0","tintindex":0},"north":{"uv":[0.0,0.0,16.0,0.0],"rotation":0,"texture":"#0","tintindex":0},"west":{"uv":[0.0,0.0,16.0,0.0],"rotation":0,"texture":"#0","tintindex":0},"up":{"uv":[0.0,0.0,128.0,128.0],"rotation":0,"texture":"#0","tintindex":0},"down":{"uv":[0.0,128.0,128.0,0.0],"rotation":0,"texture":"#0","tintindex":0}}}],"display":{"head":{"translation":[0.0,-6.4,0.0],"scale":[4.0,4.0,4.0]}}}