{"textures":{"0":"modelengine:entity/thrust_gale_9"},"elements":[{"from":[8.0,6.857143,6.857143],"to":[8.0,18.285715,25.142859],"rotation":{"angle":0.0,"axis":"y","origin":[8.0,12.571428,16.0]},"faces":{"east":{"uv":[128.0,0.0,0.0,80.0],"rotation":0,"texture":"#0","tintindex":0},"south":{"uv":[0.0,0.0,0.0,16.0],"rotation":0,"texture":"#0","tintindex":0},"north":{"uv":[0.0,0.0,0.0,16.0],"rotation":0,"texture":"#0","tintindex":0},"west":{"uv":[0.0,0.0,128.0,80.0],"rotation":0,"texture":"#0","tintindex":0},"up":{"uv":[0.0,0.0,0.0,16.0],"rotation":0,"texture":"#0","tintindex":0},"down":{"uv":[0.0,0.0,0.0,16.0],"rotation":0,"texture":"#0","tintindex":0}}},{"from":[8.0,-2.285715,6.857143],"to":[8.0,9.142858,25.142859],"rotation":{"angle":0.0,"axis":"y","origin":[8.0,3.4285712,16.0]},"faces":{"east":{"uv":[128.0,80.0,0.0,0.0],"rotation":0,"texture":"#0","tintindex":0},"south":{"uv":[0.0,16.0,0.0,0.0],"rotation":0,"texture":"#0","tintindex":0},"north":{"uv":[0.0,16.0,0.0,0.0],"rotation":0,"texture":"#0","tintindex":0},"west":{"uv":[0.0,80.0,128.0,0.0],"rotation":0,"texture":"#0","tintindex":0},"up":{"uv":[0.0,16.0,0.0,0.0],"rotation":0,"texture":"#0","tintindex":0},"down":{"uv":[0.0,16.0,0.0,0.0],"rotation":0,"texture":"#0","tintindex":0}}}],"display":{"head":{"translation":[0.0,-6.4,0.0],"scale":[4.0,4.0,4.0]}}}