{"textures":{"0":"modelengine:entity/vfx_gale_impact_line"},"elements":[{"from":[5.714286,4.0,8.0],"to":[10.285714,12.0,8.0],"rotation":{"angle":0.0,"axis":"y","origin":[8.0,8.0,8.0]},"faces":{"east":{"uv":[0.0,15.0,0.0,29.0],"rotation":0,"texture":"#0","tintindex":0},"south":{"uv":[8.0,0.0,0.0,14.0],"rotation":0,"texture":"#0","tintindex":0},"north":{"uv":[0.0,0.0,8.0,14.0],"rotation":0,"texture":"#0","tintindex":0},"west":{"uv":[1.0,15.0,1.0,29.0],"rotation":0,"texture":"#0","tintindex":0},"up":{"uv":[10.0,15.0,2.0,15.0],"rotation":0,"texture":"#0","tintindex":0},"down":{"uv":[19.0,15.0,11.0,15.0],"rotation":0,"texture":"#0","tintindex":0}}}],"display":{"head":{"translation":[0.0,-6.4,0.0],"scale":[4.0,4.0,4.0]}}}