{"textures":{"0":"modelengine:entity/monk_chi_blast"},"elements":[{"from":[6.5714283,6.5714283,6.5714283],"to":[9.428572,9.428572,9.428572],"rotation":{"angle":0.0,"axis":"y","origin":[8.0,8.0,8.0]},"faces":{"east":{"uv":[9.0,4.25,7.75,5.5],"rotation":0,"texture":"#0","tintindex":0},"south":{"uv":[9.0,2.75,7.75,4.0],"rotation":0,"texture":"#0","tintindex":0},"north":{"uv":[1.25,6.75,0.0,8.0],"rotation":0,"texture":"#0","tintindex":0},"west":{"uv":[8.75,1.25,7.5,2.5],"rotation":0,"texture":"#0","tintindex":0},"up":{"uv":[4.75,9.0,6.0,7.75],"rotation":0,"texture":"#0","tintindex":0},"down":{"uv":[7.75,5.75,9.0,7.0],"rotation":0,"texture":"#0","tintindex":0}}},{"from":[10.171429,10.171429,10.171429],"to":[5.8285713,5.8285713,5.8285713],"rotation":{"angle":0.0,"axis":"y","origin":[8.0,8.0,8.0]},"faces":{"east":{"uv":[4.25,2.25,2.25,4.25],"rotation":0,"texture":"#0","tintindex":0},"south":{"uv":[4.25,0.0,2.25,2.0],"rotation":0,"texture":"#0","tintindex":0},"north":{"uv":[2.0,0.0,0.0,2.0],"rotation":0,"texture":"#0","tintindex":0},"west":{"uv":[2.0,2.25,0.0,4.25],"rotation":0,"texture":"#0","tintindex":0},"up":{"uv":[0.0,6.5,2.0,4.5],"rotation":0,"texture":"#0","tintindex":0},"down":{"uv":[4.5,0.0,6.5,2.0],"rotation":0,"texture":"#0","tintindex":0}}}],"display":{"head":{"translation":[0.0,-6.4,0.0],"scale":[4.0,4.0,4.0]}}}