{"textures":{"0":"modelengine:entity/monk_chi_blast"},"elements":[{"from":[6.5714283,6.5714283,6.5714283],"to":[9.428572,9.428572,9.428572],"rotation":{"angle":0.0,"axis":"y","origin":[8.0,8.0,8.0]},"faces":{"east":{"uv":[7.5,1.25,8.75,2.5],"rotation":0,"texture":"#0","tintindex":0},"south":{"uv":[7.75,2.75,9.0,4.0],"rotation":0,"texture":"#0","tintindex":0},"north":{"uv":[0.0,6.75,1.25,8.0],"rotation":0,"texture":"#0","tintindex":0},"west":{"uv":[7.75,4.25,9.0,5.5],"rotation":0,"texture":"#0","tintindex":0},"up":{"uv":[6.0,9.0,4.75,7.75],"rotation":0,"texture":"#0","tintindex":0},"down":{"uv":[9.0,5.75,7.75,7.0],"rotation":0,"texture":"#0","tintindex":0}}},{"from":[10.171429,10.171429,10.171429],"to":[5.8285713,5.8285713,5.8285713],"rotation":{"angle":0.0,"axis":"y","origin":[8.0,8.0,8.0]},"faces":{"east":{"uv":[0.0,2.25,2.0,4.25],"rotation":0,"texture":"#0","tintindex":0},"south":{"uv":[2.25,0.0,4.25,2.0],"rotation":0,"texture":"#0","tintindex":0},"north":{"uv":[0.0,0.0,2.0,2.0],"rotation":0,"texture":"#0","tintindex":0},"west":{"uv":[2.25,2.25,4.25,4.25],"rotation":0,"texture":"#0","tintindex":0},"up":{"uv":[2.0,6.5,0.0,4.5],"rotation":0,"texture":"#0","tintindex":0},"down":{"uv":[6.5,0.0,4.5,2.0],"rotation":0,"texture":"#0","tintindex":0}}}],"display":{"head":{"translation":[0.0,-6.4,0.0],"scale":[4.0,4.0,4.0]}}}