{"textures":{"0":"modelengine:entity/fx_aether_strike","1":"honor:honor_texture/garagang"},"elements":[{"from":[7.535634,9.479,7.6996818],"to":[8.3189945,15.687457,8.812184],"rotation":{"angle":0.0,"axis":"y","origin":[7.9273143,10.2470875,7.665237]},"faces":{"east":{"uv":[20.0,26.0,21.375,33.5625],"rotation":0,"texture":"#0","tintindex":0},"south":{"uv":[28.0,0.0,28.9375,7.5625],"rotation":0,"texture":"#0","tintindex":0},"north":{"uv":[27.0,0.0,27.9375,7.5625],"rotation":0,"texture":"#0","tintindex":0},"west":{"uv":[22.0,26.0,23.375,33.5625],"rotation":0,"texture":"#0","tintindex":0},"up":{"uv":[32.9375,15.375,32.0,14.0],"rotation":0,"texture":"#0","tintindex":0},"down":{"uv":[32.9375,16.0,32.0,17.375],"rotation":0,"texture":"#0","tintindex":0}}},{"from":[7.437714,15.295777,7.482859],"to":[8.416914,16.14579,8.757876],"rotation":{"angle":-22.5,"axis":"x","origin":[7.9273143,15.638497,8.16151]},"faces":{"east":{"uv":[32.0,26.0,33.1875,27.0625],"rotation":0,"texture":"#0","tintindex":0},"south":{"uv":[32.0,26.0,33.1875,27.0625],"rotation":0,"texture":"#0","tintindex":0},"north":{"uv":[32.0,26.0,33.1875,27.0625],"rotation":0,"texture":"#0","tintindex":0},"west":{"uv":[32.0,26.0,33.1875,27.0625],"rotation":0,"texture":"#0","tintindex":0},"up":{"uv":[31.1875,13.5625,30.0,12.0],"rotation":0,"texture":"#0","tintindex":0},"down":{"uv":[31.1875,14.0,30.0,15.5625],"rotation":0,"texture":"#0","tintindex":0}}},{"from":[7.507657,15.771389,7.5688477],"to":[8.3469715,16.45683,8.548048],"rotation":{"angle":0.0,"axis":"y","origin":[7.9273143,16.8983,7.495004]},"faces":{"east":{"uv":[10.0,33.0,11.1875,33.8125],"rotation":0,"texture":"#0","tintindex":0},"south":{"uv":[33.0,25.0,34.0,25.8125],"rotation":0,"texture":"#0","tintindex":0},"north":{"uv":[33.0,24.0,34.0,24.8125],"rotation":0,"texture":"#0","tintindex":0},"west":{"uv":[12.0,33.0,13.1875,33.8125],"rotation":0,"texture":"#0","tintindex":0},"up":{"uv":[33.0,29.1875,32.0,28.0],"rotation":0,"texture":"#0","tintindex":0},"down":{"uv":[30.0,32.0,29.0,33.1875],"rotation":0,"texture":"#0","tintindex":0}}},{"from":[7.5097556,15.8875265,7.506977],"to":[8.344873,16.568771,7.99238],"rotation":{"angle":22.5,"axis":"x","origin":[7.9273143,16.8983,7.495004]},"faces":{"east":{"uv":[27.0,34.0,27.5625,34.8125],"rotation":0,"texture":"#0","tintindex":0},"south":{"uv":[33.0,29.0,34.0,29.8125],"rotation":0,"texture":"#0","tintindex":0},"north":{"uv":[33.0,28.0,34.0,28.8125],"rotation":0,"texture":"#0","tintindex":0},"west":{"uv":[28.0,34.0,28.5625,34.8125],"rotation":0,"texture":"#0","tintindex":0},"up":{"uv":[17.0,34.5625,16.0,34.0],"rotation":0,"texture":"#0","tintindex":0},"down":{"uv":[35.0,16.0,34.0,16.5625],"rotation":0,"texture":"#0","tintindex":0}}},{"from":[7.509056,16.502966,6.56441],"to":[8.345572,16.989769,7.2470527],"rotation":{"angle":-45.0,"axis":"x","origin":[7.9273143,16.8983,7.495004]},"faces":{"east":{"uv":[29.0,34.0,29.8125,34.5625],"rotation":0,"texture":"#0","tintindex":0},"south":{"uv":[34.0,17.0,35.0,17.5625],"rotation":0,"texture":"#0","tintindex":0},"north":{"uv":[17.0,34.0,18.0,34.5625],"rotation":0,"texture":"#0","tintindex":0},"west":{"uv":[30.0,34.0,30.8125,34.5625],"rotation":0,"texture":"#0","tintindex":0},"up":{"uv":[34.0,30.8125,33.0,30.0],"rotation":0,"texture":"#0","tintindex":0},"down":{"uv":[32.0,33.0,31.0,33.8125],"rotation":0,"texture":"#0","tintindex":0}}},{"from":[7.5083566,16.62814,6.5991187],"to":[8.346272,17.11634,7.2831597],"rotation":{"angle":-22.5,"axis":"x","origin":[7.9273143,16.8983,7.495004]},"faces":{"east":{"uv":[31.0,34.0,31.8125,34.5625],"rotation":0,"texture":"#0","tintindex":0},"south":{"uv":[34.0,19.0,35.0,19.5625],"rotation":0,"texture":"#0","tintindex":0},"north":{"uv":[34.0,18.0,35.0,18.5625],"rotation":0,"texture":"#0","tintindex":0},"west":{"uv":[32.0,34.0,32.8125,34.5625],"rotation":0,"texture":"#0","tintindex":0},"up":{"uv":[34.0,31.8125,33.0,31.0],"rotation":0,"texture":"#0","tintindex":0},"down":{"uv":[33.0,33.0,32.0,33.8125],"rotation":0,"texture":"#0","tintindex":0}}},{"from":[7.507657,16.60371,8.548048],"to":[8.3469715,17.72979,9.821008],"rotation":{"angle":0.0,"axis":"y","origin":[7.9273143,16.8983,8.767964]},"faces":{"east":{"uv":[30.0,8.0,31.5625,9.375],"rotation":0,"texture":"#0","tintindex":0},"south":{"uv":[32.0,8.0,33.0,9.375],"rotation":0,"texture":"#0","tintindex":0},"north":{"uv":[32.0,6.0,33.0,7.375],"rotation":0,"texture":"#0","tintindex":0},"west":{"uv":[30.0,10.0,31.5625,11.375],"rotation":0,"texture":"#0","tintindex":0},"up":{"uv":[30.0,31.5625,29.0,30.0],"rotation":0,"texture":"#0","tintindex":0},"down":{"uv":[31.0,30.0,30.0,31.5625],"rotation":0,"texture":"#0","tintindex":0}}},{"from":[7.507657,18.51315,6.5896473],"to":[8.3469715,19.14963,9.723087],"rotation":{"angle":0.0,"axis":"y","origin":[7.9273143,18.562939,7.7398043]},"faces":{"east":{"uv":[18.0,16.0,21.8125,16.75],"rotation":0,"texture":"#0","tintindex":0},"south":{"uv":[34.0,10.0,35.0,10.75],"rotation":0,"texture":"#0","tintindex":0},"north":{"uv":[10.0,34.0,11.0,34.75],"rotation":0,"texture":"#0","tintindex":0},"west":{"uv":[22.0,16.0,25.8125,16.75],"rotation":0,"texture":"#0","tintindex":0},"up":{"uv":[30.0,29.8125,29.0,26.0],"rotation":0,"texture":"#0","tintindex":0},"down":{"uv":[31.0,0.0,30.0,3.8125],"rotation":0,"texture":"#0","tintindex":0}}},{"from":[7.507657,16.45683,7.2750874],"to":[8.3469715,17.72979,8.548048],"rotation":{"angle":0.0,"axis":"y","origin":[7.9273143,16.8983,7.495004]},"faces":{"east":{"uv":[30.0,4.0,31.5625,5.5625],"rotation":0,"texture":"#0","tintindex":0},"south":{"uv":[31.0,2.0,32.0,3.5625],"rotation":0,"texture":"#0","tintindex":0},"north":{"uv":[31.0,0.0,32.0,1.5625],"rotation":0,"texture":"#0","tintindex":0},"west":{"uv":[30.0,6.0,31.5625,7.5625],"rotation":0,"texture":"#0","tintindex":0},"up":{"uv":[32.0,31.5625,31.0,30.0],"rotation":0,"texture":"#0","tintindex":0},"down":{"uv":[33.0,0.0,32.0,1.5625],"rotation":0,"texture":"#0","tintindex":0}}},{"from":[7.507657,17.72979,7.486562],"to":[8.3469715,18.51315,8.6459675],"rotation":{"angle":0.0,"axis":"y","origin":[7.9273143,17.92646,7.6908445]},"faces":{"east":{"uv":[26.0,16.0,27.4375,16.9375],"rotation":0,"texture":"#0","tintindex":0},"south":{"uv":[16.0,33.0,17.0,33.9375],"rotation":0,"texture":"#0","tintindex":0},"north":{"uv":[29.0,8.0,30.0,8.9375],"rotation":0,"texture":"#0","tintindex":0},"west":{"uv":[27.0,8.0,28.4375,8.9375],"rotation":0,"texture":"#0","tintindex":0},"up":{"uv":[33.0,3.4375,32.0,2.0],"rotation":0,"texture":"#0","tintindex":0},"down":{"uv":[33.0,4.0,32.0,5.4375],"rotation":0,"texture":"#0","tintindex":0}}},{"from":[7.507657,16.750587,6.5896473],"to":[8.3469715,17.72979,7.2750874],"rotation":{"angle":0.0,"axis":"y","origin":[7.9273143,16.89161,7.501694]},"faces":{"east":{"uv":[14.0,33.0,14.8125,34.1875],"rotation":0,"texture":"#0","tintindex":0},"south":{"uv":[32.0,30.0,33.0,31.1875],"rotation":0,"texture":"#0","tintindex":0},"north":{"uv":[30.0,32.0,31.0,33.1875],"rotation":0,"texture":"#0","tintindex":0},"west":{"uv":[15.0,33.0,15.8125,34.1875],"rotation":0,"texture":"#0","tintindex":0},"up":{"uv":[34.0,32.8125,33.0,32.0],"rotation":0,"texture":"#0","tintindex":0},"down":{"uv":[34.0,33.0,33.0,33.8125],"rotation":0,"texture":"#0","tintindex":0}}},{"from":[7.535634,-1.5849075,5.4648666],"to":[8.3749485,-0.89946747,6.6086383],"rotation":{"angle":22.5,"axis":"x","origin":[7.9552913,-2.0263786,6.682482]},"faces":{"east":{"uv":[15.1875,4.0,14.5,4.40626],"rotation":0,"texture":"#1","tintindex":0},"south":{"uv":[2.0,17.5,2.5,17.90626],"rotation":0,"texture":"#1","tintindex":0},"north":{"uv":[17.5,1.5,18.0,1.90626],"rotation":0,"texture":"#1","tintindex":0},"west":{"uv":[14.5,4.0,15.1875,4.40626],"rotation":0,"texture":"#1","tintindex":0},"up":{"uv":[10.0,17.1875,9.5,16.5],"rotation":0,"texture":"#1","tintindex":0},"down":{"uv":[10.5,16.5,10.0,17.1875],"rotation":0,"texture":"#1","tintindex":0}}},{"from":[7.5377326,-2.0144062,7.012011],"to":[8.37285,-1.5290031,7.6932545],"rotation":{"angle":-45.0,"axis":"x","origin":[7.9552913,-2.0263786,6.682482]},"faces":{"east":{"uv":[15.1875,4.0,14.5,4.40626],"rotation":0,"texture":"#1","tintindex":0},"south":{"uv":[2.0,17.5,2.5,17.90626],"rotation":0,"texture":"#1","tintindex":0},"north":{"uv":[17.5,1.5,18.0,1.90626],"rotation":0,"texture":"#1","tintindex":0},"west":{"uv":[14.5,4.0,15.1875,4.40626],"rotation":0,"texture":"#1","tintindex":0},"up":{"uv":[10.0,17.1875,9.5,16.5],"rotation":0,"texture":"#1","tintindex":0},"down":{"uv":[10.5,16.5,10.0,17.1875],"rotation":0,"texture":"#1","tintindex":0}}},{"from":[7.537033,-2.1178474,6.9304333],"to":[8.373549,-1.6310453,7.6130753],"rotation":{"angle":-22.5,"axis":"x","origin":[7.9552913,-2.0263786,6.682482]},"faces":{"east":{"uv":[15.1875,4.0,14.5,4.40626],"rotation":0,"texture":"#1","tintindex":0},"south":{"uv":[2.0,17.5,2.5,17.90626],"rotation":0,"texture":"#1","tintindex":0},"north":{"uv":[17.5,1.5,18.0,1.90626],"rotation":0,"texture":"#1","tintindex":0},"west":{"uv":[14.5,4.0,15.1875,4.40626],"rotation":0,"texture":"#1","tintindex":0},"up":{"uv":[10.0,17.1875,9.5,16.5],"rotation":0,"texture":"#1","tintindex":0},"down":{"uv":[10.5,16.5,10.0,17.1875],"rotation":0,"texture":"#1","tintindex":0}}},{"from":[7.5363336,-2.24442,6.894326],"to":[8.374249,-1.756218,7.578367],"rotation":{"angle":0.0,"axis":"y","origin":[7.9552913,-2.0263786,6.682482]},"faces":{"east":{"uv":[15.1875,4.0,14.5,4.40626],"rotation":0,"texture":"#1","tintindex":0},"south":{"uv":[2.0,17.5,2.5,17.90626],"rotation":0,"texture":"#1","tintindex":0},"north":{"uv":[17.5,1.5,18.0,1.90626],"rotation":0,"texture":"#1","tintindex":0},"west":{"uv":[14.5,4.0,15.1875,4.40626],"rotation":0,"texture":"#1","tintindex":0},"up":{"uv":[10.0,17.1875,9.5,16.5],"rotation":0,"texture":"#1","tintindex":0},"down":{"uv":[10.5,16.5,10.0,17.1875],"rotation":0,"texture":"#1","tintindex":0}}},{"from":[7.535634,-2.6177006,6.909088],"to":[8.3749485,-1.8853579,7.594528],"rotation":{"angle":22.5,"axis":"x","origin":[7.9552913,-2.0263786,6.682482]},"faces":{"east":{"uv":[15.1875,4.0,14.5,4.40626],"rotation":0,"texture":"#1","tintindex":0},"south":{"uv":[2.0,17.5,2.5,17.90626],"rotation":0,"texture":"#1","tintindex":0},"north":{"uv":[17.5,1.5,18.0,1.90626],"rotation":0,"texture":"#1","tintindex":0},"west":{"uv":[14.5,4.0,15.1875,4.40626],"rotation":0,"texture":"#1","tintindex":0},"up":{"uv":[10.0,17.1875,9.5,16.5],"rotation":0,"texture":"#1","tintindex":0},"down":{"uv":[10.5,16.5,10.0,17.1875],"rotation":0,"texture":"#1","tintindex":0}}},{"from":[7.437714,9.228868,7.6973615],"to":[8.416914,9.996593,8.841133],"rotation":{"angle":0.0,"axis":"y","origin":[7.9273143,10.2470875,7.665237]},"faces":{"east":{"uv":[32.0,26.0,33.1875,27.0625],"rotation":0,"texture":"#0","tintindex":0},"south":{"uv":[31.0,32.0,32.1875,32.9375],"rotation":0,"texture":"#0","tintindex":0},"north":{"uv":[31.0,32.0,32.1875,32.9375],"rotation":0,"texture":"#0","tintindex":0},"west":{"uv":[32.0,26.0,33.1875,27.0625],"rotation":0,"texture":"#0","tintindex":0},"up":{"uv":[31.1875,27.375,30.0,26.0],"rotation":0,"texture":"#0","tintindex":0},"down":{"uv":[31.1875,28.0,30.0,29.375],"rotation":0,"texture":"#0","tintindex":0}}},{"from":[7.437714,3.1397247,7.779647],"to":[8.416914,3.9074502,9.08799],"rotation":{"angle":22.5,"axis":"x","origin":[7.9273143,4.1579447,7.829808]},"faces":{"east":{"uv":[32.0,26.0,33.1875,27.0625],"rotation":0,"texture":"#0","tintindex":0},"south":{"uv":[32.0,26.0,33.1875,27.0625],"rotation":0,"texture":"#0","tintindex":0},"north":{"uv":[32.0,26.0,33.1875,27.0625],"rotation":0,"texture":"#0","tintindex":0},"west":{"uv":[32.0,26.0,33.1875,27.0625],"rotation":0,"texture":"#0","tintindex":0},"up":{"uv":[31.1875,27.375,30.0,26.0],"rotation":0,"texture":"#0","tintindex":0},"down":{"uv":[31.1875,28.0,30.0,29.375],"rotation":0,"texture":"#0","tintindex":0}}},{"from":[7.43936,8.767034,7.411332],"to":[8.411977,9.15789,7.849092],"rotation":{"angle":-22.5,"axis":"x","origin":[7.9256687,9.720247,6.388488]},"faces":{"east":{"uv":[34.0,14.0,35.1875,14.5],"rotation":0,"texture":"#0","tintindex":0},"south":{"uv":[31.0,32.0,32.1875,32.9375],"rotation":0,"texture":"#0","tintindex":0},"north":{"uv":[34.0,14.0,35.1875,14.5],"rotation":0,"texture":"#0","tintindex":0},"west":{"uv":[34.0,14.0,35.1875,14.5],"rotation":0,"texture":"#0","tintindex":0},"up":{"uv":[31.1875,27.375,30.0,26.0],"rotation":0,"texture":"#0","tintindex":0},"down":{"uv":[31.1875,28.0,30.0,29.375],"rotation":0,"texture":"#0","tintindex":0}}},{"from":[7.4401827,9.910318,8.119303],"to":[8.411155,10.340673,8.534845],"rotation":{"angle":-22.5,"axis":"x","origin":[7.9256687,10.924424,9.579084]},"faces":{"east":{"uv":[35.0,1.0,35.5,1.5625],"rotation":0,"texture":"#0","tintindex":0},"south":{"uv":[35.0,1.0,35.5,1.5625],"rotation":0,"texture":"#0","tintindex":0},"north":{"uv":[34.0,15.0,35.1875,15.5],"rotation":0,"texture":"#0","tintindex":0},"west":{"uv":[35.0,1.0,35.5,1.5625],"rotation":0,"texture":"#0","tintindex":0},"up":{"uv":[35.1875,12.5625,34.0,12.0],"rotation":0,"texture":"#0","tintindex":0},"down":{"uv":[35.1875,13.0,34.0,13.5625],"rotation":0,"texture":"#0","tintindex":0}}},{"from":[7.43936,8.767034,8.706336],"to":[8.411977,9.15789,9.144096],"rotation":{"angle":22.5,"axis":"x","origin":[7.9256687,9.720247,10.166941]},"faces":{"east":{"uv":[1.0,35.0,1.5625,35.5],"rotation":0,"texture":"#0","tintindex":0},"south":{"uv":[1.0,35.0,1.5625,35.5],"rotation":0,"texture":"#0","tintindex":0},"north":{"uv":[34.0,15.0,35.1875,15.5],"rotation":0,"texture":"#0","tintindex":0},"west":{"uv":[1.0,35.0,1.5625,35.5],"rotation":0,"texture":"#0","tintindex":0},"up":{"uv":[35.1875,12.5625,34.0,12.0],"rotation":0,"texture":"#0","tintindex":0},"down":{"uv":[35.1875,13.0,34.0,13.5625],"rotation":0,"texture":"#0","tintindex":0}}},{"from":[7.4401827,9.910318,8.020583],"to":[8.411155,10.340673,8.436126],"rotation":{"angle":22.5,"axis":"x","origin":[7.9256687,10.924424,6.976344]},"faces":{"east":{"uv":[12.0,34.0,13.1875,34.5625],"rotation":0,"texture":"#0","tintindex":0},"south":{"uv":[31.0,32.0,32.1875,32.9375],"rotation":0,"texture":"#0","tintindex":0},"north":{"uv":[12.0,34.0,13.1875,34.5625],"rotation":0,"texture":"#0","tintindex":0},"west":{"uv":[12.0,34.0,13.1875,34.5625],"rotation":0,"texture":"#0","tintindex":0},"up":{"uv":[31.1875,27.375,30.0,26.0],"rotation":0,"texture":"#0","tintindex":0},"down":{"uv":[31.1875,28.0,30.0,29.375],"rotation":0,"texture":"#0","tintindex":0}}},{"from":[7.535634,3.2167358,7.6996818],"to":[8.3189945,9.273286,8.812184],"rotation":{"angle":0.0,"axis":"y","origin":[7.9273143,10.692155,7.8558187]},"faces":{"east":{"uv":[13.5,13.0,14.1875,16.6875],"rotation":0,"texture":"#1","tintindex":0},"south":{"uv":[16.0,4.0,16.46876,7.6875],"rotation":0,"texture":"#1","tintindex":0},"north":{"uv":[16.0,0.0,16.46876,3.6875],"rotation":0,"texture":"#1","tintindex":0},"west":{"uv":[14.5,0.0,15.1875,3.6875],"rotation":0,"texture":"#1","tintindex":0},"up":{"uv":[11.46876,17.1875,11.0,16.5],"rotation":0,"texture":"#1","tintindex":0},"down":{"uv":[16.96876,11.0,16.5,11.6875],"rotation":0,"texture":"#1","tintindex":0}}},{"from":[7.535634,-0.07469368,11.669968],"to":[8.3189945,4.3361425,12.782471],"rotation":{"angle":22.5,"axis":"x","origin":[7.9273143,13.983583,7.711819]},"faces":{"east":{"uv":[14.5,13.0,15.1875,15.6875],"rotation":0,"texture":"#1","tintindex":0},"south":{"uv":[16.0,11.0,16.46876,13.6875],"rotation":0,"texture":"#1","tintindex":0},"north":{"uv":[16.0,8.0,16.46876,10.6875],"rotation":0,"texture":"#1","tintindex":0},"west":{"uv":[14.5,13.0,15.1875,15.6875],"rotation":0,"texture":"#1","tintindex":0},"up":{"uv":[11.96876,17.1875,11.5,16.5],"rotation":0,"texture":"#1","tintindex":0},"down":{"uv":[12.46876,16.5,12.0,17.1875],"rotation":0,"texture":"#1","tintindex":0}}},{"from":[7.9083886,-0.89672756,11.033076],"to":[7.906743,4.3353195,13.460505],"rotation":{"angle":22.5,"axis":"x","origin":[7.515886,13.983583,7.6501045]},"faces":{"east":{"uv":[12.46876,13.0,11.0,16.1875],"rotation":0,"texture":"#1","tintindex":0},"south":{"uv":[0.0,0.0,0.0,3.1875],"rotation":0,"texture":"#1","tintindex":0},"north":{"uv":[0.0,0.0,0.0,3.1875],"rotation":0,"texture":"#1","tintindex":0},"west":{"uv":[11.0,13.0,12.46876,16.1875],"rotation":0,"texture":"#1","tintindex":0},"up":{"uv":[0.0,1.46876,0.0,0.0],"rotation":0,"texture":"#1","tintindex":0},"down":{"uv":[0.0,0.0,0.0,1.46876],"rotation":0,"texture":"#1","tintindex":0}}},{"from":[7.9075656,-6.292775,5.285754],"to":[7.9075656,-1.059082,9.360542],"rotation":{"angle":0.0,"axis":"y","origin":[7.515886,8.588358,1.903605]},"faces":{"east":{"uv":[9.46876,13.0,7.0,16.1875],"rotation":0,"texture":"#1","tintindex":0},"south":{"uv":[0.0,0.0,0.0,3.1875],"rotation":0,"texture":"#1","tintindex":0},"north":{"uv":[0.0,0.0,0.0,3.1875],"rotation":0,"texture":"#1","tintindex":0},"west":{"uv":[7.0,13.0,9.46876,16.1875],"rotation":0,"texture":"#1","tintindex":0},"up":{"uv":[0.0,2.46876,0.0,0.0],"rotation":0,"texture":"#1","tintindex":0},"down":{"uv":[0.0,0.0,0.0,2.46876],"rotation":0,"texture":"#1","tintindex":0}}},{"from":[7.849143,13.719784,6.477714],"to":[7.952082,20.853954,19.487087],"rotation":{"angle":0.0,"axis":"y","origin":[7.8902855,13.719784,6.477714]},"faces":{"east":{"uv":[0.0,17.0,15.8125,25.6875],"rotation":0,"texture":"#0","tintindex":0},"south":{"uv":[25.0,34.0,25.0625,42.6875],"rotation":0,"texture":"#0","tintindex":0},"north":{"uv":[24.0,34.0,24.0625,42.6875],"rotation":0,"texture":"#0","tintindex":0},"west":{"uv":[16.0,17.0,31.8125,25.6875],"rotation":0,"texture":"#0","tintindex":0},"up":{"uv":[33.0625,15.8125,33.0,0.0],"rotation":0,"texture":"#0","tintindex":0},"down":{"uv":[9.0625,33.0,9.0,48.8125],"rotation":0,"texture":"#0","tintindex":0}}},{"from":[7.849143,17.628355,5.375086],"to":[7.972654,23.223783,10.970514],"rotation":{"angle":0.0,"axis":"y","origin":[7.849143,13.719784,-3.3142862]},"faces":{"east":{"uv":[18.0,9.0,24.8125,15.8125],"rotation":0,"texture":"#0","tintindex":0},"south":{"uv":[33.0,17.0,33.125,23.8125],"rotation":0,"texture":"#0","tintindex":0},"north":{"uv":[33.0,17.0,33.125,23.8125],"rotation":0,"texture":"#0","tintindex":0},"west":{"uv":[18.0,9.0,24.8125,15.8125],"rotation":0,"texture":"#0","tintindex":0},"up":{"uv":[18.125,39.8125,18.0,33.0],"rotation":0,"texture":"#0","tintindex":0},"down":{"uv":[19.125,33.0,19.0,39.8125],"rotation":0,"texture":"#0","tintindex":0}}},{"from":[7.952082,14.655784,1.5652566],"to":[8.013797,21.413498,8.8064],"rotation":{"angle":0.0,"axis":"y","origin":[7.9314284,14.460356,-9.403429]},"faces":{"east":{"uv":[18.0,0.0,26.8125,8.1875],"rotation":0,"texture":"#0","tintindex":0},"south":{"uv":[26.0,34.0,26.0625,42.1875],"rotation":0,"texture":"#0","tintindex":0},"north":{"uv":[26.0,34.0,26.0625,42.1875],"rotation":0,"texture":"#0","tintindex":0},"west":{"uv":[0.0,26.0,8.8125,34.1875],"rotation":0,"texture":"#0","tintindex":0},"up":{"uv":[23.0625,42.8125,23.0,34.0],"rotation":0,"texture":"#0","tintindex":0},"down":{"uv":[34.0625,23.0,34.0,31.8125],"rotation":0,"texture":"#0","tintindex":0}}},{"from":[7.9314284,2.5271158,4.8920684],"to":[7.931511,16.128122,11.866606],"rotation":{"angle":0.0,"axis":"y","origin":[7.9314284,10.880926,-9.650288]},"faces":{"east":{"uv":[0.0,0.0,8.5,16.5],"rotation":0,"texture":"#0","tintindex":0},"south":{"uv":[0.0,0.0,0.0,16.5],"rotation":0,"texture":"#0","tintindex":0},"north":{"uv":[0.0,0.0,0.0,16.5],"rotation":0,"texture":"#0","tintindex":0},"west":{"uv":[9.0,0.0,17.5,16.5],"rotation":0,"texture":"#0","tintindex":0},"up":{"uv":[0.0,8.5,0.0,0.0],"rotation":0,"texture":"#0","tintindex":0},"down":{"uv":[0.0,0.0,0.0,16.5],"rotation":0,"texture":"#0","tintindex":0}}}],"display":{"head":{"translation":[0.0,-6.4,0.0],"scale":[4.0,4.0,4.0]}}}