{"textures":{"0":"modelengine:entity/ground_crack_debris_texture"},"elements":[{"from":[6.5714283,7.714286,6.0],"to":[9.428572,8.285714,10.0],"rotation":{"angle":0.0,"axis":"y","origin":[8.0,8.0,8.0]},"faces":{"east":{"uv":[8.0,1.5,11.5,2.0],"rotation":0,"texture":"#0","tintindex":0},"south":{"uv":[9.0,8.0,11.5,8.5],"rotation":0,"texture":"#0","tintindex":0},"north":{"uv":[9.0,7.0,11.5,7.5],"rotation":0,"texture":"#0","tintindex":0},"west":{"uv":[8.0,2.5,11.5,3.0],"rotation":0,"texture":"#0","tintindex":0},"up":{"uv":[2.5,3.5,0.0,0.0],"rotation":0,"texture":"#0","tintindex":0},"down":{"uv":[5.5,0.0,3.0,3.5],"rotation":0,"texture":"#0","tintindex":0}}}],"display":{"head":{"translation":[0.0,-6.4,0.0],"scale":[4.0,4.0,4.0]}}}