{"textures":{"0":"modelengine:entity/ground_crack_debris_texture"},"elements":[{"from":[7.428571,7.714286,6.857143],"to":[8.571428,8.285714,9.142858],"rotation":{"angle":0.0,"axis":"y","origin":[8.0,8.0,8.0]},"faces":{"east":{"uv":[8.0,10.0,10.0,10.5],"rotation":0,"texture":"#0","tintindex":0},"south":{"uv":[4.0,10.5,5.0,11.0],"rotation":0,"texture":"#0","tintindex":0},"north":{"uv":[2.5,10.5,3.5,11.0],"rotation":0,"texture":"#0","tintindex":0},"west":{"uv":[0.0,10.5,2.0,11.0],"rotation":0,"texture":"#0","tintindex":0},"up":{"uv":[7.0,9.5,6.0,7.5],"rotation":0,"texture":"#0","tintindex":0},"down":{"uv":[8.5,7.5,7.5,9.5],"rotation":0,"texture":"#0","tintindex":0}}}],"display":{"head":{"translation":[0.0,-6.4,0.0],"scale":[4.0,4.0,4.0]}}}