{"textures":{"0":"modelengine:entity/ground_crack_debris_texture"},"elements":[{"from":[7.142857,7.428571,6.857143],"to":[8.857143,8.571428,9.142858],"rotation":{"angle":0.0,"axis":"y","origin":[8.0,8.0,8.0]},"faces":{"east":{"uv":[0.0,8.0,2.0,9.0],"rotation":0,"texture":"#0","tintindex":0},"south":{"uv":[9.0,5.5,10.5,6.5],"rotation":0,"texture":"#0","tintindex":0},"north":{"uv":[2.5,8.0,4.0,9.0],"rotation":0,"texture":"#0","tintindex":0},"west":{"uv":[8.0,0.0,10.0,1.0],"rotation":0,"texture":"#0","tintindex":0},"up":{"uv":[7.5,2.0,6.0,0.0],"rotation":0,"texture":"#0","tintindex":0},"down":{"uv":[7.5,2.5,6.0,4.5],"rotation":0,"texture":"#0","tintindex":0}}}],"display":{"head":{"translation":[0.0,-6.4,0.0],"scale":[4.0,4.0,4.0]}}}